Price,Close,High,Low,Open,Volume,Standard Deviation
Ticker,AAPL,AAPL,AAPL,AAPL,AAPL,
Date,,,,,,
2022-01-03,178.64564514160156,179.49957387951153,174.4251401333062,174.5429172102293,104487900,
2022-01-04,176.3783416748047,179.55845745447346,175.8090608575143,179.25419002967348,99310400,
2022-01-05,171.6867218017578,176.83967914737053,171.41189860813105,176.29003276011701,94537600,
2022-01-06,168.82070922851562,172.05971420324832,168.46736295896767,169.50776725909728,96904000,
2022-01-07,168.987548828125,170.92113587009246,167.86862157848182,169.69424129913546,86709100,
2022-01-10,169.00717163085938,169.31143906710747,165.06147477041716,165.95465755063788,106765600,
2022-01-11,171.84373474121094,171.94187730471353,167.66248412220457,169.13475736538487,76138300,
2022-01-12,172.28543090820312,173.90492564658769,171.58856322387598,172.86452151388104,74805200,
2022-01-13,169.00717163085938,173.35527850038557,168.61455640929785,172.53080900021536,84505800,
2022-01-14,169.8709259033203,170.56779364905069,167.92751407393143,168.17289299389805,80440800,
2022-01-18,166.66134643554688,169.35068950665382,166.27855596311068,168.33972966979056,90956700,
2022-01-19,163.1573486328125,167.91770571060235,162.87271567304091,166.85766697028808,94815000,
2022-01-20,161.46914672851562,166.54358123585433,161.14524474165466,163.89349177041368,91420500,
2022-01-21,159.40792846679688,163.25546724898456,159.29996116779535,161.38076913756592,122848900,
2022-01-24,158.63255310058594,159.2999915243486,151.8404666623007,157.06213706108227,162294600,
2022-01-25,156.8265380859375,159.7514499461909,154.11756082376363,156.04132272716996,115798400,
2022-01-26,156.73822021484375,161.35134029387297,154.90279093312674,160.47779205545413,108275300,
2022-01-27,156.27691650390625,160.81151382611307,155.35428943492713,159.44720772831658,121954600,
2022-01-28,167.18154907226562,167.2011835771804,159.79073801782928,162.64695192499494,179935700,
2022-01-31,171.54928588867188,171.76522050687674,166.37669476906368,167.0146888598467,115541600,6.6356098055859665
2022-02-01,171.38243103027344,171.60817541361024,169.12494226668923,170.79351570873365,86213900,6.12801777340408
2022-02-02,172.58973693847656,172.6290059579668,170.12613763983117,171.51988829687994,84914300,5.854432561495688
2022-02-03,169.7040557861328,172.98232955327137,168.9384747506924,171.2548523641826,89418100,5.772295575440377
2022-02-04,169.4190216064453,171.09955797995624,167.73848523293438,168.72125118343195,82465400,5.788828572266343
2022-02-07,168.70162963867188,170.95215737367448,168.00385912062177,169.88094594072888,77251200,5.781670602626381
2022-02-08,171.81698608398438,172.3280286162116,168.47557259889186,168.77040540578523,74829200,5.889531286908017
2022-02-09,173.24200439453125,173.60562304759242,171.88578239754793,173.01597239364082,71285000,5.967510012574037
2022-02-10,169.15371704101562,172.4558121410886,168.59354809326686,171.13890900487118,90865900,5.841842233108805
2022-02-11,165.73370361328125,170.09718826300568,165.14403785138535,169.36011355854745,98670700,5.802994493006798
2022-02-14,165.96957397460938,166.65750737065528,163.68954900963053,164.48558729618532,86185500,5.730283311330892
2022-02-15,169.8121337890625,169.969379951066,167.3159146994891,168.02350743268553,62527400,5.798672414270587
2022-02-16,169.57627868652344,170.3526572392932,167.11936365193407,168.88834547600229,61177400,5.814272250047475
2022-02-17,165.96957397460938,168.94735459992643,165.56663620127415,168.08251547585536,69589300,5.7051976302867775
2022-02-18,164.41676330566406,167.6009157130797,163.32589238939244,166.893337952625,82772700,5.48386463594113
2022-02-22,161.48812866210938,163.81727946148703,159.35551308277192,162.1367428748668,91162800,5.2957631794712405
2022-02-23,157.3114013671875,163.2866069910588,156.99690896812956,162.68711897669968,90009200,5.24822668485294
2022-02-24,159.93536376953125,160.04346864256559,149.38045024208816,149.95045639119465,141147500,4.963320727341755
2022-02-25,162.00901794433594,162.27435402769208,158.09759757776467,161.0164144612621,91974200,4.446369532419907
2022-02-28,162.27435302734375,162.56918589174444,159.63070950306087,160.24985701872006,95056600,4.589147116107388
2022-03-01,160.38743591308594,163.72884988791748,159.1786377230553,161.86158516779412,83474400,4.697366284014945
2022-03-02,163.68951416015625,164.47573001503346,160.14172804891763,161.5569135885326,79724800,4.594210406287102
2022-03-03,163.36521911621094,165.99904029600498,162.6969453068408,165.56662077426103,76678400,4.372423606344431
2022-03-04,160.35794067382812,162.69692876038988,159.30638875818744,161.65519910712737,83737200,4.420995188572286
2022-03-07,156.55465698242188,162.17608078588069,156.2991281758325,160.54468531235605,96418800,4.706301132180412
2022-03-08,154.7266845703125,160.0729341178279,153.1149488975309,156.08290647641851,131148300,5.085595324828504
2022-03-09,160.14175415039062,160.59383321427086,156.6627682949814,158.69708659288594,91454900,4.78917559254244
2022-03-10,155.78807067871094,157.6258383019349,153.29183663849042,157.43911036241218,105342000,4.462372496123006
2022-03-11,152.06336975097656,156.53495777871652,151.83733778352595,156.19098370126798,96970100,4.735654180420847
2022-03-14,148.02423095703125,151.46391244119621,147.51320336208943,148.83992865134607,108732100,5.510157473589864
2022-03-15,152.41717529296875,152.88891376980982,147.78835583208624,148.29938335493543,92964300,5.658438153970663
2022-03-16,156.83963012695312,157.24256780595263,151.79805049383225,154.34341096119434,102300200,5.201402326926112
2022-03-17,157.8518829345703,158.22533884354678,154.9134219533723,155.8765285127207,75615400,4.61819196367953
2022-03-18,161.1540069580078,161.64539008752615,157.00673214520708,157.74380683948462,123511700,4.340861867752144
2022-03-21,162.5298614501953,163.48314576119236,160.20069560988745,160.6920786569655,95811400,4.22537783655527
2022-03-22,165.91058349609375,166.50023417031582,162.06796436975657,162.6576150439786,81532000,4.499793268962985
2022-03-23,167.276611328125,169.66472556538113,164.76071771343146,165.0948695579846,98062700,4.8776879675969536
2022-03-24,171.0701141357422,171.13889996970468,167.27663612578863,168.11197837145693,90131400,5.558242069489515
2022-03-25,171.7089080810547,172.25925474224047,169.77285750778353,170.88338808927602,80546200,6.159057573439294
2022-03-28,172.57373046875,172.701479862601,169.03576656556126,169.202835000459,90371900,6.743855934472023
2022-03-29,175.87582397460938,175.92495028186923,173.30096665224875,173.64494077798946,100589400,7.545153736404536
2022-03-30,174.7063446044922,176.51463074136956,173.65477761444038,175.47290101025155,92633200,8.095778561866458
2022-03-31,171.60079956054688,174.96185802360853,171.3944120690703,174.77513005413485,103049300,8.371128092856708
2022-04-01,171.3059539794922,171.86613784627107,168.97680315531144,171.0307806751932,78751300,8.581834183790258
2022-04-04,175.3647918701172,175.4139331761271,171.43372732246453,171.56149171892602,76468400,8.863699383012465
2022-04-05,172.04302978515625,175.22719732393347,171.41406008567415,174.4409814506257,73401800,8.76083872187983
2022-04-06,168.86871337890625,170.6376954902334,167.19801388325018,169.38957825115511,89058800,8.73325621846397
2022-04-07,169.17333984375,170.37231557194565,166.92281228589906,168.21023335572733,77594700,8.479284447457792
2022-04-08,167.15867614746094,168.8195531941642,166.28401495074868,168.8195531941642,76575500,7.827965292466609
2022-04-11,162.89346313476562,166.1169343880837,162.64777163682479,165.80245706854532,72246700,6.568369149124401
2022-04-12,164.77053833007812,166.94244262331648,163.7681128892969,165.12433466236456,79265200,5.59193586667993
2022-04-13,167.46336364746094,168.09233345005353,163.8959323433634,164.50524262204976,70618900,4.939087424140199
2022-04-14,162.44139099121094,168.318342665353,162.1956994829688,167.67953574643167,75329400,4.5024636028263245
2022-04-18,162.2251739501953,163.72880457418574,160.7510251034739,161.09498417021837,69023900,4.412261190498225
2022-04-19,164.51504516601562,164.92782013945308,161.08520094874402,162.17607195952326,67723800,4.2830833824184324
2022-04-20,164.34799194335938,165.9695652154126,163.2374763040021,165.85162307101254,67929800,4.355040797862675
2022-04-21,163.55191040039062,168.5738450907259,163.0507051558019,165.99900305629262,87227800,4.503827109094803
2022-04-22,159.00172424316406,164.97694406303006,158.7167286660117,163.5912552281569,84882400,4.953202666946046
2022-04-25,160.0729522705078,160.35794785043367,155.72912776950562,158.3432742820327,96046400,5.182528223236081
2022-04-26,154.0977020263672,159.54221872291836,154.01907895185514,159.45377338752408,95623200,5.835645708387571
2022-04-27,153.8717041015625,157.03619732481974,152.7022099776654,153.2230748402012,88063200,6.05958565081747
2022-04-28,160.81983947753906,161.68467841985887,156.19100467866673,156.50549701980856,130216800,5.732771779674386
2022-04-29,154.93307495117188,163.33572839193604,154.53997449609216,159.05086744995398,131747600,5.898068014886945
2022-05-02,155.2377471923828,155.50308325510557,150.6285715632027,154.00928950852122,123055300,5.937006647785564
2022-05-03,156.73153686523438,157.94034999172632,153.62600731797474,155.42445612408045,88966500,5.351207830525236
2022-05-04,163.15884399414062,163.61090803537846,156.51533507735743,156.91827280667675,108256500,4.8360231538204745
2022-05-05,154.06826782226562,161.25228664566353,152.27962606539685,161.02625460903184,130525300,4.824449611061328
2022-05-06,154.7965545654297,156.92245186539364,151.74549742097102,153.54660360417492,116124600,4.613160535972324
2022-05-09,149.65896606445312,153.36944186699063,149.0979741892278,152.48364388073944,131577900,4.8962797215665015
2022-05-10,152.07028198242188,154.26508109944479,150.5152283773258,153.06434369573583,115366700,5.08802984009079
2022-05-11,144.18675231933594,152.99542804107662,143.50764507620434,151.0762217134339,142689800,5.859604328537518
2022-05-12,140.30897521972656,143.89149901958908,136.60835102555794,140.51566592761506,182602000,6.615166549983053
2022-05-13,144.78713989257812,145.7615132406745,140.85029972421802,142.3069263815123,113990900,6.950674813226217
2022-05-16,143.24192810058594,145.19067486728656,141.90340179419994,143.25177981278947,86643800,7.289415421243249
2022-05-17,146.88351440429688,147.40514453340242,144.36392404181558,146.50950977669152,78336300,7.100188225890233
2022-05-18,138.5964813232422,145.03320913315295,137.69099476435753,144.53126736021366,109742900,7.41309710218737
2022-05-19,135.18125915527344,139.4232021551722,134.4431016025898,137.67130943156462,136095600,7.887000824055766
2022-05-20,135.41744995117188,138.47834364409812,130.51608836864122,136.89376494741566,137426100,8.388243440466972
2022-05-23,140.85031127929688,140.9979367905799,135.47651740077447,135.61430621725685,117726300,8.262326942341875
2022-05-24,138.14370727539062,139.72828587372672,135.16155236949282,138.58659874320531,104132700,8.505240827824466
2022-05-25,138.3011932373047,139.5511291229351,136.15560763062282,136.24418292623076,92482700,8.664797789276406
2022-05-26,141.5097198486328,142.06087507401406,134.97456571452705,135.22061822713323,90601500,8.147475602689669
2022-05-27,147.27720642089844,147.31656821908913,142.96636115304457,143.09431327841077,90978500,7.901765605888347
2022-05-31,146.4898223876953,148.28109191355486,144.5214022588055,146.71620151537235,103718400,7.601088946034283
2022-06-01,146.36187744140625,149.3440325752995,145.34812731297455,147.5330747402819,74286600,7.140303336510636
2022-06-02,148.8224334716797,148.88148368182337,144.5411130219896,145.49579813359537,72348100,5.8270476922011
2022-06-03,143.08447265625,145.63357327354205,142.17900114416437,144.58046123211946,88570300,5.361702178138196
2022-06-06,143.83242797851562,146.22406574159245,142.61200234875395,144.70837415100206,71598400,4.6973819668935155
2022-06-07,146.36187744140625,146.64729173693155,141.82466868695218,142.07072118986648,67808200,4.514945340068612
2022-06-08,145.6237335205078,147.5035634046079,145.1316284687619,146.23393897895934,53950200,4.0454494691249465
2022-06-09,140.38771057128906,145.61386314826538,140.2794468730643,144.75760527366657,69473000,4.064232480630054
2022-06-10,134.96473693847656,138.53740941897706,134.89583502233484,138.06499277205677,91437900,4.384033676871573
2022-06-13,129.797607421875,133.06517650587148,129.36455265966853,130.7719656189882,122207100,5.15161347154321
2022-06-14,130.66371154785156,131.77587363104502,129.40392397478837,131.02787945261767,84784300,5.676100570465025
2022-06-15,133.29159545898438,135.17144076078944,130.07323854886383,132.16959630306414,91533000,5.738796216960075
2022-06-16,128.00634765625,130.29955871287268,127.00244927117835,129.99445602178534,108123900,6.35470876424883
2022-06-17,129.482666015625,130.97866943008026,127.76029850473763,128.01620271778103,134520300,6.687874872258199
2022-06-21,133.724609375,134.8958216908251,131.21488586149243,131.31329785187046,81000500,6.75178466683242
2022-06-22,133.2128143310547,135.5847487472672,131.79554968965817,132.66164417884966,73409200,6.877215982966649
2022-06-23,136.08670043945312,136.40163978280717,133.4883870309174,134.65959915763983,72433800,6.905500097698956
2022-06-24,139.42320251464844,139.66925503284406,137.56304607780373,137.6909831751248,89116800,6.905243411634909
2022-06-27,139.42320251464844,141.2243087499828,138.74409516157192,140.4467743824865,70207900,6.879777120638617
2022-06-28,135.26983642578125,141.15540852649434,135.1517360213465,139.88578412525837,67083400,6.621608379346232
2022-06-29,137.0315704345703,138.44883540642064,134.51199493699397,135.2895293397043,66242400,6.330934560657922
2022-06-30,134.5612030029297,136.1851436237319,131.65778627775248,135.08283314259847,98964500,6.0280126845461055
2022-07-01,136.73626708984375,136.84453077392945,133.51791169701116,133.8919012274295,71051600,5.366008543758852
2022-07-05,139.32476806640625,139.3739815709903,134.76787086684834,135.59461869744254,73353800,5.18787792246079
2022-07-06,140.66331481933594,141.84436401241877,138.85237172208522,139.11811267133183,74064300,4.99235590470745
2022-07-07,144.03916931152344,144.23600834868253,141.01763677774284,141.02747347335122,66253700,4.765426530303181
2022-07-08,144.71823120117188,145.22018791054785,142.7104494172261,142.96633860975416,64547800,4.673452992394571
2022-07-11,142.58248901367188,144.32454481016836,141.50970378477396,143.36985996820178,63141600,4.804826431718322
2022-07-12,143.55686950683594,146.10596977247354,142.7596618190989,143.4584425008562,77588800,5.07005107264707
2022-07-13,143.1927490234375,144.137582416121,139.87595039979414,140.73222349561757,71185600,5.011377431443488
2022-07-14,146.12564086914062,146.59805740261146,140.98806413686148,141.80496013260634,78140700,5.133080732026673
2022-07-15,147.79881286621094,148.47792016432717,145.85991797831633,147.4149715696043,76259900,5.444886520831331
2022-07-18,144.74774169921875,149.1766857748829,144.38357386308195,148.35978984322958,81420900,4.9730235922265305
2022-07-19,148.61570739746094,148.8420714884981,144.59029217223815,145.58433884840355,82982400,4.7632232229080484
2022-07-20,150.6234893798828,151.29275997844778,147.99565052411046,148.73380801228873,64823400,4.9840125372586295
2022-07-21,152.89703369140625,153.11356109876007,149.54087389527504,152.06044916137068,65086600,5.22277211058068
2022-07-22,151.6569366455078,153.81235925179797,150.98768095986142,152.93641282919904,66675400,5.394379739437622
2022-07-25,150.534912109375,152.5919073451431,149.87549323073483,151.5781722761147,53623900,5.560077611879705
2022-07-26,149.20626831054688,150.6727318576423,148.41889716817153,149.85583561149025,55138700,5.593791653502538
2022-07-27,154.31427001953125,154.84575179759253,149.75738820549032,150.17075457850913,78620700,5.615572846047853
2022-07-28,154.865478515625,155.1508928612319,151.97189817076023,154.50131053527133,81378700,5.674815622274248
2022-07-29,159.94393920898438,161.04626446616166,156.98147293186878,158.69400349755176,101786900,5.809736802543894
2022-08-01,158.959716796875,161.0068749496012,158.34951153654728,158.4676119049076,67829400,5.8067566571236355
2022-08-02,157.4834442138672,159.84555733737668,157.10945460814798,157.57203453166576,59907000,5.729172263259844
2022-08-03,163.5068359375,163.95956419348943,158.21178056001122,158.30035586863676,82507500,6.171212265875981
2022-08-04,163.19186401367188,164.55007867195602,161.83364935538773,163.3887030177202,55474100,6.592660492252667
2022-08-05,162.96519470214844,163.45798329811657,160.64908228561242,160.8560601129534,56697000,6.87216777429446
2022-08-08,162.49209594726562,165.38969510382904,161.83176107750737,163.97046163622954,60276900,6.826436432626455
2022-08-09,162.54139709472656,163.42842563656737,160.8954849037263,161.654383591601,63135500,6.714358597060574
2022-08-10,166.79908752441406,166.89763621928432,164.49282549147833,165.26157448955212,70170500,6.73700349598157
2022-08-11,166.05990600585938,168.52384897861626,165.76422984138568,167.6072543726192,57149200,6.757361802225365
2022-08-12,169.61782836914062,169.68681094741032,166.95675811414395,167.37071373861576,68039400,7.040770850272082
2022-08-15,170.6920928955078,170.8892052991509,168.87863472005176,169.046181015084,54091700,6.947085319822246
2022-08-16,170.534423828125,171.2046241525694,169.18418785976604,170.28802952506885,56377100,6.976700477504451
2022-08-17,172.0325164794922,173.60943109736726,170.08107768446573,170.27819013186064,79542000,7.112414371813494
2022-08-18,171.63827514648438,172.377458097225,170.62313176389785,171.24405025490896,62290100,7.22037370923886
2022-08-19,169.0462188720703,171.23420163153378,168.83924102673046,170.5344351473727,70346300,6.957648207908579
2022-08-22,165.1531524658203,167.41011727933045,164.7293465168106,167.242570986512,69026800,6.3393773816911265
2022-08-23,164.8180694580078,166.2767345287208,164.24643288251994,164.67023889482752,54147100,5.366448639196168
2022-08-24,165.1137237548828,165.68536025466128,163.85218632044496,164.90676099384123,53841500,4.820921214285024
2022-08-25,167.57766723632812,167.68608131507673,165.92190498494463,166.34569590450855,51218200,4.234414899252897
2022-08-26,161.26014709472656,168.58299398508154,161.20101486509154,168.1099211092857,78961000,4.152824038065976
2022-08-29,159.0524139404297,160.55048008538364,157.5149162955654,158.82572041272238,73314000,4.145097809954799
2022-08-30,156.61807250976562,160.21542318351743,155.44523326516241,159.79163221679283,77906200,4.237534787235626
2022-08-31,154.95245361328125,158.26399371424608,154.87360563007792,157.99788365077418,87991100,4.841730234541126
2022-09-01,155.68174743652344,156.13510442872814,152.4391907285946,154.380778595495,74229900,5.2703974513812355
2022-09-02,153.56275939941406,158.04713803269738,152.73487827783597,157.44593542420824,76957800,5.826350481168284
2022-09-06,152.3012237548828,154.82429865337028,151.47334262357523,154.21324568103077,73714800,6.406082139754637
2022-09-07,153.7106170654297,154.410368411757,151.3945047755551,152.587059729615,87449600,6.786969688521516
2022-09-08,152.23223876953125,154.10482916146404,150.47789777328236,152.4096354211257,84923800,7.16409992382584
2022-09-09,155.1002655029297,155.54378723487187,152.51805827855026,153.2276750032018,68028800,7.301961170261021
2022-09-12,161.07286071777344,161.8908915280311,157.0024374583422,157.28824820471496,104956000,7.0815780544112865
2022-09-13,151.62118530273438,158.2245492067868,151.15796283866058,157.59378043168627,122656600,7.077911069184291
2022-09-14,153.06997680664062,154.83416823515125,151.39449874644285,152.55747250443096,87965400,6.869015177796474
2022-09-15,150.17237854003906,153.0009950551444,149.19666683175186,152.41949313430064,90481100,6.548631994483862
2022-09-16,148.5264892578125,149.16712349652025,146.23009244998983,149.02914328242736,162278800,6.171391802972145
2022-09-19,152.251953125,152.33080110123336,146.94955831205283,147.15652109079085,81474200,5.642138913278518
2022-09-20,154.63705444335938,155.80004334278618,150.8721574135687,151.18753429290712,107689800,5.29126919304838
2022-09-21,151.50294494628906,156.45054724189947,151.3846804817515,155.07072998785742,101696800,4.973571836135279
2022-09-22,150.53707885742188,152.24212333754144,148.73347063401485,150.1822704357891,86652500,4.53988976702421
2022-09-23,148.26034545898438,149.28535399224103,146.41732122459265,149.00939362683624,96029900,3.637255476352766
2022-09-26,148.595458984375,151.55219019297488,147.48175208341434,147.50146783564452,93339400,3.3633783187009296
2022-09-27,149.5711669921875,152.48848166353116,147.78727494625255,150.5370433245279,84442700,3.1526471295195098
2022-09-28,147.6788787841797,148.46734352386844,142.75099295951767,145.5106120290712,146691400,3.2010687183306983
2022-09-29,140.42503356933594,144.603886261403,138.65099162276434,143.99283321708396,128138200,4.0828332954443765
2022-09-30,136.20675659179688,141.03609356030535,136.0096441732016,139.2423359620473,124925300,5.2070296537226
2022-10-03,140.3954620361328,141.00653009557303,135.70412021518845,136.2166245441246,114311700,5.62217093725515
2022-10-04,143.99282836914062,144.11109281535886,142.17935497441533,142.93825359464822,87830100,5.740603816531172
2022-10-05,144.28848266601562,145.25435906019973,140.94737686981628,141.9921012373244,79471000,5.7615524284244275
2022-10-06,143.3324737548828,145.41204208560697,143.12551098076761,143.7069978739473,68402200,5.842453525811068
2022-10-07,138.06948852539062,141.03608513942643,137.43871980031912,140.4841493461153,85925600,6.075797275009462
2022-10-10,138.3947296142578,139.84352910239818,136.57142106787293,138.3947296142578,74899000,5.543621702330394
2022-10-11,136.9755401611328,139.31136877975862,136.22650676572655,137.88226954674587,77033700,5.803393598713297
2022-10-12,136.34475708007812,138.33562739322105,136.16736038855555,137.12337155166935,70433700,5.911407156144426
2022-10-13,140.9276885986328,141.51902589270472,132.43200294708785,133.04307103462438,113224000,5.847420628236619
2022-10-14,136.3842010498047,142.43564549015315,136.19693894361637,142.22866762575632,88598000,6.039547729689418
2022-10-17,140.3560333251953,140.83895646188824,138.24689900930798,139.03536366842837,85250900,5.756891897959277
2022-10-18,141.67672729492188,144.58417712557898,138.5820153837327,143.39163709489873,99136600,5.112100387223562
2022-10-19,141.78512573242188,142.85940118883795,139.45916311704835,139.6464251768979,61758300,4.674002209939918
2022-10-20,141.3218994140625,143.7858421579012,140.59256694794956,140.95724070036255,64522000,4.244380399030313
2022-10-21,145.1459503173828,145.71758686598037,140.59257368233722,140.80940185727815,86548600,4.045388355510817
2022-10-24,147.2945098876953,148.0632589024532,143.89427154723307,145.0671108242576,75981900,3.935850482098291
2022-10-25,150.14280700683594,150.2906525903393,147.20579155352908,147.92525860269856,74732300,3.9989014618082934
2022-10-26,147.19595336914062,149.7978764436125,145.9048346701109,148.78273318220164,88194300,3.9612713887106663
2022-10-27,142.71157836914062,146.900281375259,142.0512434645865,145.934419951747,109180200,3.9606126877663024
2022-10-28,153.49378967285156,155.2284000306861,145.68802050452555,146.06252959255997,164762400,4.552879549598012
2022-10-31,151.12841796875,152.01544655256544,149.72890002224932,150.95102127521648,97943200,4.908957146000428
2022-11-01,148.47715759277344,153.2079298359595,146.97909149608765,152.84327118644802,80379300,5.054625806068862
2022-11-02,142.93824768066406,149.97526767506156,142.9086815703328,146.80170816398885,93604600,5.049354220480126
2022-11-03,136.87693786621094,140.74039788163316,136.7488080444843,140.0110654914598,97918500,5.243372353612898
2022-11-04,136.61041259765625,140.8455457973991,132.6615642734104,140.27296098274414,140814800,5.323396425870723
2022-11-07,137.1435089111328,137.37056348588825,133.93506945075268,135.35665734492238,83374600,5.38500099000867
2022-11-08,137.71609497070312,139.6214071902777,135.7318039714629,138.61446164278013,89908500,5.345632559161578
2022-11-09,133.14524841308594,136.77819560927108,132.86883031881337,136.7288320073675,74917800,5.59072153176775
2022-11-10,144.9918212890625,144.9918212890625,137.71607368602153,139.43382798502273,118854000,5.599687762255596
2022-11-11,147.78562927246094,148.0916625737545,142.52378765132767,143.95525706239889,93979700,5.488535198761764
2022-11-14,146.38381958007812,148.35824392301274,145.54468320886602,147.06499838857653,73374100,5.478256310479873
2022-11-15,148.1212921142578,151.6258979697989,146.66022247085542,150.2734222564666,89868300,5.5422504830598145
2022-11-16,146.8872833251953,147.9534742124063,145.4064651591236,147.22294689122086,64218300,5.551358832033427
2022-11-17,148.79258728027344,149.54286294425333,144.28102140876982,144.5574395514813,80389400,5.5933330246903745
2022-11-18,149.35531616210938,150.74728887735557,148.0522039867333,150.36227675012384,74829600,5.691347743159279
2022-11-21,146.1172637939453,148.4470850528785,145.83097890062086,148.2397789385964,58724100,5.670890716429244
2022-11-22,148.25949096679688,148.49642726977405,145.05105196598853,146.23571841721474,51804100,5.592612760916007
2022-11-23,149.1381378173828,149.88841358362208,147.4302500541231,147.53884398667913,58301400,5.65463063378832
2022-11-25,146.21600341796875,146.97616104993173,145.23865789115922,146.4134428504666,35195900,5.640668448049322
2022-11-28,142.37574768066406,144.76479944722283,141.54649303051897,143.28398111610815,69246000,5.294578634624399
2022-11-29,139.36474609375,142.95819794116494,138.55523991340186,142.44484337334484,83763800,5.162227648673462
2022-11-30,146.13702392578125,146.81820276871952,138.75268072768486,139.59180207766,111380900,5.077288989170261
2022-12-01,146.41343688964844,147.22295811269422,144.7351791862477,146.31472470924987,71250400,5.108574332214032
2022-12-02,145.91983032226562,146.10740304717433,143.78744839224407,144.09349682237342,65447400,4.8486179221997965
2022-12-05,144.75491333007812,148.99004656094093,143.90591033158032,145.8803345082114,68826400,4.493978258684166
2022-12-06,141.08248901367188,145.4163496587564,140.10514358274577,145.18929508684244,64727200,4.221059745003172
2022-12-07,139.13768005371094,141.53659829976584,138.20969824104947,140.37169521657745,69721100,4.1031960823271465
2022-12-08,140.82579040527344,141.6846751168045,139.2956238058851,140.53950554386986,62128300,3.191566363223343
2022-12-09,140.3420867919922,143.70848393310538,139.09818980739163,140.51977775341376,76097000,3.3864958985867966
2022-12-12,142.6422576904297,142.6521243868473,139.25611292551483,140.8751398938642,70462700,3.372718891651816
2022-12-13,143.60975646972656,148.05221126240446,142.39548971088675,147.58822033452066,93886200,3.366098634079103
2022-12-14,141.37863159179688,144.78450984521314,139.35484405860026,143.49126458622354,82291200,3.3508963793628572
2022-12-15,134.75440979003906,139.98663530743855,134.29041904207975,139.3054567598533,98931900,3.9319384862559694
2022-12-16,132.78988647460938,135.8897316869335,132.01986228619933,134.94201656134896,160156900,4.461669155163943
2022-12-19,130.67724609375,133.47105782876667,129.64068555678134,133.3822123650824,79592600,4.991511524359455
2022-12-20,130.60813903808594,131.5459873422408,128.2289547136537,129.70977258242192,77432800,5.511654626955068
2022-12-21,133.7178955078125,135.06050476290937,131.05242546033497,131.27948005874936,85928000,5.507369424334717
2022-12-22,130.53904724121094,132.8392531621343,128.63373518479884,132.63194706396897,77852100,5.5588056178200125
2022-12-23,130.17379760742188,130.72663401357696,127.98218538040545,129.24581575552057,63814900,5.7187821231630505
2022-12-27,128.3671875,129.72954501138923,127.07394206581392,129.6999298536339,69007800,6.110277494506464
2022-12-28,124.42820739746094,129.3543934066322,124.26038315698912,128.01178441919723,85438400,6.826358292996043
2022-12-29,127.95256805419922,128.81143780896,126.09661191364768,126.3532816511138,75703700,6.814511825175495
2022-12-30,128.26846313476562,128.28821159493137,125.80044037402875,126.76791156272077,77034200,6.631436120819289
2023-01-03,123.47061920166016,129.22606012096526,122.58212678977998,128.61399342864948,112117500,6.692104031342664
2023-01-04,124.74412536621094,127.01471627825023,123.48049504473303,125.26734659008874,89113600,6.569205510666322
2023-01-05,123.42125701904297,126.1360903730334,123.16458728849297,125.50427521319664,80962700,6.678956845752744
2023-01-06,127.9624252319336,128.6238555191488,123.29291630250204,124.39859654565812,87754700,6.569120993318954
2023-01-09,128.48565673828125,131.70397802412538,128.22898699932045,128.80157186038267,70790800,6.272694478803517
2023-01-10,129.0582275390625,129.58144872233615,126.48160347682453,128.5942366688145,63896200,5.925504350016731
2023-01-11,131.782958984375,131.80269238208612,128.79170729193848,129.57159828407498,69458900,5.247011035100143
2023-01-12,131.70396423339844,132.5430854442494,129.75915527463124,132.16795510561155,71379600,4.2367582415952505
2023-01-13,133.03668212890625,133.19463966232263,129.97633400317605,130.3415976184994,57809700,3.344700443313045
2023-01-17,134.2016143798828,135.53434166770566,132.4147629011091,133.10580835372033,63646600,3.2992040054613208
2023-01-18,133.48094177246094,136.83745656269951,133.30323577852656,135.0703537024429,69672800,3.341363096225082
2023-01-19,133.54019165039062,134.50765533885576,132.0593734264766,132.36540678256628,58280400,3.4624211050334135
2023-01-20,136.10694885253906,136.25503972906995,132.50363014524083,133.55007272593946,80223600,3.7645960485736514
2023-01-23,139.3054962158203,141.4872415250396,136.136538833656,136.3537266947968,81760300,4.252461122684606
2023-01-24,140.7073516845703,141.32930018220668,138.50587272731724,138.51573942626007,66435100,4.881443284429826
2023-01-25,140.04591369628906,140.60861677861874,137.03491367991992,139.0883167228264,65799300,5.324670807223382
2023-01-26,142.11903381347656,142.4053186406196,140.08536461650493,141.3391279655153,54105100,5.830222746435327
2023-01-27,144.0638427734375,145.34722141150488,141.25029755609052,141.32927632528882,70555800,6.185272931590671
2023-01-30,141.17132568359375,143.68871946900538,141.02324989890042,143.10626796433064,64015300,6.358164986409654
2023-01-31,142.44480895996094,142.4941725713441,140.46051831709534,140.87514553812727,65874500,6.551022061979305
2023-02-01,143.5702667236328,144.7351849828254,139.51283893795213,142.1289453100569,77663600,6.383403600802566
2023-02-02,148.89132690429688,149.24670877710787,146.27520596359832,146.99586653400996,118339000,6.611550146936557
2023-02-03,152.5242462158203,155.367421451088,145.93954431951425,146.13698369670587,154357300,6.837100194051194
2023-02-06,149.7896728515625,151.14216353764462,148.85182446235734,150.6189423816567,69858300,6.9405280024897325
2023-02-07,152.67233276367188,153.24491754252153,148.7136179890826,148.7136179890826,83322600,7.15240159696639
2023-02-08,149.9772491455078,152.60323674930237,149.23684012618935,151.91219134400382,64120100,6.994240917199522
2023-02-09,148.94068908691406,152.35644968138112,148.49644664158131,151.81347999768036,56007100,6.847591271762507
2023-02-10,149.30650329589844,149.6327824911062,147.53670230127932,147.77400037597405,57450700,6.5926113231992245
2023-02-13,152.11448669433594,152.5198501850578,149.21753098880535,149.24719136406156,62199000,6.485711764330022
2023-02-14,151.47181701660156,152.03539434579272,149.15821711991074,150.40399819813007,61707600,6.294571439024825
2023-02-15,153.5778045654297,153.74588507311654,151.15544476328222,151.38284602819238,65573800,6.0222964114878605
2023-02-16,151.97605895996094,154.5664988468429,151.6201193880744,151.77830301928833,68167900,5.461274603263478
2023-02-17,150.82916259765625,151.27408335489702,149.14834246660095,150.6314217151784,59144100,4.949373529424032
2023-02-21,146.8050537109375,149.59324968756485,146.73585119733022,148.50565230235682,58867200,4.584446341453084
2023-02-22,147.23019409179688,148.25845552223066,145.4999353225789,147.19063687139987,51011300,4.286914000909016
2023-02-23,147.7146453857422,148.644043866108,145.57902333709038,148.39686406118764,48394200,3.8622000423673013
2023-02-24,145.05502319335938,145.5296042594395,144.07618560082526,145.45050490064946,55469600,3.663189494652695
2023-02-27,146.25140380859375,147.48730332876505,145.7867043820762,146.04378113773683,44998500,3.554611059926849
2023-02-28,145.7471160888672,147.39827551462352,145.17365708267755,145.39117653628946,50547000,3.177495496477593
2023-03-01,143.67079162597656,145.56913077323014,143.37417283401166,145.17364910838256,55479000,3.0570811082014857
2023-03-02,144.26402282714844,145.05500120850633,142.27668756957132,142.7512836503807,52238100,2.9966936079192843
2023-03-03,149.32627868652344,149.40537804304904,145.66802019550744,146.3700024688502,70732300,2.997896143228485
2023-03-06,152.09469604492188,154.53683399214765,151.72887472127306,152.0551388232703,87558000,2.9724648705278125
2023-03-07,149.88986206054688,152.29244288057856,149.42516275115915,151.96616367909397,56182000,2.974054847662107
2023-03-08,151.14552307128906,151.73876071934626,150.11726157953802,151.08620232381537,47204800,2.891822379721902
2023-03-09,148.89126586914062,152.79670487641312,148.53532624571014,151.8277639907766,53833600,2.880097939896749
2023-03-10,146.82481384277344,149.237291312372,145.9448542824683,148.51553045848686,68572400,2.9139051663132203
2023-03-13,148.77259826660156,151.41247705797895,146.03384150790953,146.14260123729179,84457100,2.910590039281864
2023-03-14,150.86868286132812,151.66954312555754,148.40678132116508,149.57346291926225,73695900,2.8458903040813044
2023-03-15,151.26419067382812,151.5212522938301,148.2288147892157,149.48449268664993,77167900,2.8353001410917114
2023-03-16,154.0919189453125,154.69503836094123,149.92940378389787,150.443542077547,76161100,2.8846124439902936
2023-03-17,153.2515106201172,154.97188784795392,152.53963142836827,154.31932940774055,98944600,2.975029852918815
2023-03-20,155.6244354248047,156.03971087014546,152.4110972116962,153.3207323821306,73641400,3.3279943622901658
2023-03-21,157.4832000732422,157.6018415548637,154.77410391183622,155.54531880235135,73938300,3.7918164684489595
2023-03-22,156.04957580566406,160.31095376257457,156.02979719452793,157.50299444764113,75701800,4.023024195759236
2023-03-23,157.13717651367188,159.7276317574304,155.90127718884906,157.03831361968307,67622100,4.294465214729832
2023-03-24,158.44227600097656,158.53125712176995,156.06935559319226,157.06795670652497,59196500,4.4600616269150395
2023-03-27,156.49447631835938,158.95639259766074,156.08909781895792,158.13575383789362,52390300,4.467585333551201
2023-03-28,155.87161254882812,156.7021483382564,154.2204529064242,156.18801000892674,45992200,4.345391282236486
2023-03-29,158.95643615722656,159.23327640666747,157.5524562960156,157.5722198233599,51305700,4.128653360937357
2023-03-30,160.52847290039062,160.63723263142947,159.45077243888025,159.70783403649028,49501700,3.9490077988302357
2023-03-31,163.03982543945312,163.1387034155815,160.08356404514288,160.60758412796915,68749800,4.330779867741443
2023-04-03,164.29550170898438,164.4141432098461,162.36750188667764,162.41694087425697,56976200,4.829076235096613
2023-04-04,163.76158142089844,164.95792331758295,163.24744316398008,164.7206403425892,46278300,5.0555005443479
2023-04-05,161.9126739501953,163.18813034939654,159.97479248917713,162.88162976736427,51511700,5.124546046362744
2023-04-06,162.80255126953125,163.0991701273508,160.1725538630794,160.5976959928467,45390100,5.026599603280682
2023-04-10,160.2021942138672,160.2021942138672,158.2741945090455,159.59907481013732,47716900,4.4793036806859075
2023-04-11,158.98606872558594,160.52846844172586,158.69933167596588,160.51858667978223,47644200,3.9813719070824627
2023-04-12,158.29397583007812,160.23185733032426,157.97757839276272,159.40133668736163,50133100,3.6045204966928392
2023-04-13,163.6923828125,163.92968090167284,159.59908506589906,159.8067227797579,68445600,3.368716632421771
2023-04-14,163.34632873535156,164.44380780578675,161.97200945675792,162.7333124858637,49386500,3.2870277657225295
2023-04-17,163.36610412597656,163.52430285260365,162.17964384959518,163.22768401184308,41516200,3.0426800876160747
2023-04-18,164.59213256835938,165.5215312907478,163.78137535549732,164.2263111895451,49923000,3.0224078793677656
2023-04-19,165.7390594482422,166.26307959159772,163.67262416708968,163.92970090005386,47720200,3.1549307709034298
2023-04-20,164.77008056640625,165.9763194310247,163.69238005042013,164.21640012100644,52456400,3.0538472200601507
2023-04-21,163.15847778320312,164.5723392677561,162.63445771401044,163.18813815793777,58337300,2.914272250458978
2023-04-24,163.46499633789062,163.73195482649055,162.041237847574,163.13871709330454,41949600,2.8422155688434496
2023-04-25,161.9225616455078,164.43390199308925,161.88300442555024,163.3265412208214,48714100,2.5462747538991564
2023-04-26,161.9126739501953,163.41553157370114,160.96351183078312,161.2205734284031,45498800,2.0797222661808696
2023-04-27,166.51023864746094,166.65854052357386,163.32656095584278,163.32656095584278,64902300,2.1001318198653234
2023-04-28,167.76588439941406,167.9339799574928,165.9862017200745,166.589321099478,55209200,2.2994976142399786
2023-05-01,167.67691040039062,168.52720964209172,166.7376300382773,167.370409816753,52472900,2.5091781794895676
2023-05-02,166.6387481689453,168.42834281753628,165.65002884530062,168.1712661379265,48425700,2.60562308180415
2023-05-03,165.56105041503906,168.9919077307227,165.27432844465707,167.58792807875122,65136000,2.6449651839784067
2023-05-04,163.91976928710938,165.1556684360722,162.45646891900202,163.02992793451995,81235400,2.6148512578219156
2023-05-05,171.61203002929688,172.33379095243657,168.8337158986843,169.05123536921852,113316400,3.1417571521867003
2023-05-08,171.54281616210938,171.88887398730245,170.1684967974759,170.53431814830344,55962800,3.403024020763879
2023-05-09,169.83233642578125,171.58235891028352,169.66425593732595,171.09789605728315,45326900,3.303334911713063
2023-05-10,171.60214233398438,172.06684167430913,169.96086445482297,171.06824047843108,53724500,3.162382034332147
2023-05-11,171.7899932861328,172.62051394942262,170.22781484613878,171.88887125937896,49514700,3.3720595620147518
2023-05-12,170.85931396484375,172.33453386665053,169.30487018579348,171.89889318697968,45497800,3.4392598579556712
2023-05-15,170.36427307128906,171.49297161869612,169.77021484316816,171.44346424843133,37266700,3.4369424565671793
2023-05-16,170.36427307128906,171.42365827881974,170.09694535788182,170.28506430037106,42110300,3.4609124247856813
2023-05-17,170.97813415527344,171.2157453771671,168.7306323338431,170.00785308163907,57951600,3.530112694861044
2023-05-18,173.3147430419922,173.50286200077872,170.86922679282654,171.28506154552485,65496700,3.681823761443921
2023-05-19,173.42364501953125,174.64144781679403,173.20582466782196,174.64144781679403,55772400,3.6810700101509606
2023-05-22,172.47317504882812,172.978129154019,171.73060970122336,172.25535467159494,43570900,3.575361603642329
2023-05-23,169.85931396484375,171.66127945739515,169.5820908286863,171.41375772100255,50747300,3.1650087350922105
2023-05-24,170.1365509033203,170.71080319124064,168.82964388505917,169.393985633902,45143500,2.6300687318576155
2023-05-25,171.27516174316406,172.17612946392208,169.9880455752579,170.70090944955888,56058300,2.5291869228626553
2023-05-26,173.69094848632812,174.0275895351184,171.39395459047836,171.60187949980389,54835000,2.593805515777738
2023-05-30,175.5424346923828,177.21568420222022,174.81967538543662,175.20580872558915,55964400,2.758889542289104
2023-05-31,175.49293518066406,177.5721240946458,175.00778707206032,175.57214396008078,99625300,2.776643243804405
2023-06-01,178.3047637939453,178.33446519527467,175.17608525533697,175.9384564736909,68901800,2.87923697109186
2023-06-02,179.15625,179.97802407047664,177.4830004559296,179.2354587774889,61945900,2.6885906955912957
2023-06-05,177.79981994628906,183.1165821425977,176.275077551752,180.8195882273271,121946500,2.9175293182438367
2023-06-06,177.43348693847656,178.33445457100666,175.6711182885981,178.18594757320713,64848400,3.067822447170038
2023-06-07,176.05728149414062,179.41367589423808,175.56223798316736,176.67113061333816,61944600,3.025290177031706
2023-06-08,178.78001403808594,179.04732664647344,175.70084291207064,176.1364684949153,50214900,3.2089859353122194
2023-06-09,179.16615295410156,180.42355258623877,178.83942242611607,179.70079329510486,48870700,3.3785741562060543
2023-06-12,181.9680938720703,182.06710862095264,179.17605622243772,179.47308536155512,54274900,3.694720789558938
2023-06-13,181.49285888671875,182.324528402013,180.63148796784472,180.9879199183322,54929100,3.830352969206923
2023-06-14,182.12648010253906,182.56212075064622,180.21561965950994,181.5522278943548,57462900,3.9286214776418045
2023-06-15,184.1660614013672,184.67101539623405,181.95817181365123,182.13639531405346,65433200,4.155094601016778
2023-06-16,183.08688354492188,185.1363708565112,182.4433330473612,184.87893857146415,101235600,4.32176563117723
2023-06-20,183.17599487304688,184.25520121093788,182.5819517231594,182.5819517231594,49799100,4.437138989343031
2023-06-21,182.1363983154297,183.5720213426237,180.77996894802234,183.06706733943585,49515700,4.379914723087668
2023-06-22,185.14625549316406,185.1957628610581,181.84926421078353,181.91857754734076,51245300,4.207180071907459
2023-06-23,184.8294219970703,185.70070333532985,183.17597862652977,183.71063403229002,53079300,3.8839302953052077
2023-06-26,183.43341064453125,186.18585111473345,183.39379870692287,184.97794384564872,48088700,3.4491772080363807
2023-06-27,186.19577026367188,186.5225008066865,183.8294627923201,184.04728315432985,50730800,3.3487678923048945
2023-06-28,187.3739776611328,188.01752821246563,185.74034004157738,186.06705547946467,51216800,3.420134653591957
2023-06-29,187.71060180664062,188.18585447217086,187.06705126158826,187.2056628454855,46347300,3.4069880876292897
2023-06-30,192.04718017578125,192.5521191164762,189.3640377084909,189.7303801784341,85069600,3.967130267125374
2023-07-03,190.55215454101562,191.95807629669292,189.8590815409033,191.85906155166862,31458200,4.24541201217768
2023-07-05,189.433349609375,191.06698713435688,188.7303811843197,189.6709759307026,46920300,4.2586357522287575
2023-07-06,189.90858459472656,190.11650951153766,187.32445692665846,187.95811200082892,45094300,4.187672986557496
2023-07-07,188.78976440429688,190.76004279032819,188.35413885501103,189.5125387247038,46778000,3.7958205317860494
2023-07-10,186.7403106689453,188.10663557063202,185.18586681905202,187.38386117936162,59922200,3.5072816107059013
2023-07-11,186.2155303955078,187.42343752111742,184.75020613613052,187.28482597100776,46638100,3.1788438471094955
2023-07-12,187.88882446289062,189.79968522544766,186.60170827121757,187.79970514631046,60750200,3.074595313288112
2023-07-13,188.6511688232422,189.29473443261006,187.89870814797314,188.61157199087162,41342300,2.920059866446241
2023-07-14,188.79969787597656,189.28483085110778,187.75020804300397,188.34425119556795,41573900,2.7739776935293343
2023-07-17,192.06695556640625,192.3936860433753,189.90855835393603,189.99766254560217,50520200,2.934941850256049
2023-07-18,191.80953979492188,192.40359800546008,190.51252831302557,191.433317028607,48353800,2.9382300903792795
2023-07-19,193.1659698486328,196.26493172677777,190.74024473686075,191.18579595006162,80507300,2.9872092185883883
2023-07-20,191.2154998779297,194.52238670645607,190.5917402572243,193.1560618639693,59581200,2.702365345868447
2023-07-21,190.03729248046875,193.03725474426253,189.33432409540026,192.17588392818155,71917800,2.5925690297248942
2023-07-24,190.83926391601562,192.9778554020486,190.34422042985216,191.4927249435582,45377800,2.4470628185844467
2023-07-25,191.70065307617188,192.51253172271785,191.0075951507849,191.41353447405788,37283200,2.106215755768799
2023-07-26,192.57192993164062,193.70062855675883,191.40363447210132,191.75015587275632,47471900,2.0525284204217105
2023-07-27,191.3046112060547,195.24515323301043,190.6412547294524,194.07685782549473,47460200,1.987508274191125
2023-07-28,193.8887481689453,194.6808208278144,192.21549864281087,192.74024356896163,48291400,2.0791065402819773
2023-07-31,194.50259399414062,194.54220593555127,193.3243880114047,194.1164606567971,38824100,2.248264803672072
2023-08-01,193.67092895507812,194.77982161953312,193.3441984148306,194.29468863259882,35175100,2.357286780947695
2023-08-02,190.6709442138672,193.24516118654293,189.94818497968632,193.1065496196106,50389300,2.3395673718812056
2023-08-03,189.27493286132812,190.46303425792703,188.79969532419432,189.67097673188036,61235200,2.3553985243150404
2023-08-04,180.18594360351562,185.52251207833032,180.11663025996506,183.68094960257173,115799700,3.3121594229870843
2023-08-07,177.0770721435547,181.31464344213896,175.5919415919706,180.32455640774955,97576100,4.384010182761328
2023-08-08,178.0176544189453,178.48299654054432,175.81965996172053,177.90874423926195,67823000,5.06488264516929
2023-08-09,176.42361450195312,179.13644336005612,175.25530392276485,179.07704055404358,60378500,5.831771507764349
2023-08-10,176.20578002929688,178.95822060931928,175.8394526832055,177.70080592181807,54686900,6.476166474594438
2023-08-11,176.2652587890625,177.0881424893324,175.03590276334816,175.7993034466227,51988100,6.99767548909018
2023-08-14,177.9209442138672,178.14896748076782,175.78937369863468,176.44371711975322,43675600,7.227665636805584
2023-08-15,175.9281768798828,177.94076628789648,175.53161335110406,177.34592099472832,43622600,7.519181852270057
2023-08-16,175.0557403564453,177.00883168990967,174.98633341606396,175.61093536777827,46964900,7.704483052237754
2023-08-17,172.5077667236328,175.9876593304517,171.9922220355352,175.62083731111454,66062900,8.055418007710855
2023-08-18,172.9935760498047,173.59834528388794,170.48527458580276,170.82235510894964,61114200,8.303378927874801
2023-08-21,174.33200073242188,174.61952217759173,172.25001931121287,173.56861510861043,46311900,8.340127495817589
2023-08-22,175.71005249023438,176.15619021692956,174.73846130997606,175.541512243613,42084200,8.179116332194083
2023-08-23,179.56671142578125,179.99303161559698,176.80064510070915,176.9890180826326,52722800,7.77857119339222
2023-08-24,174.8673553466797,179.54687744583052,174.50051821034532,179.1205572949361,54945800,7.5043951345043505
2023-08-25,177.0782470703125,177.6136093916348,174.31218067560857,175.85879974601767,51449600,6.805680693109439
2023-08-28,178.6446990966797,179.04126265908485,177.0187642861302,178.5455506421133,43820700,5.805359776777799
2023-08-29,182.54095458984375,183.31426398332457,177.96058123954543,178.15886298414327,53003900,4.718321248812989
2023-08-30,186.0406951904297,186.23899207960088,183.15566303930453,183.35394480054703,60813900,4.146040558184226
2023-08-31,186.25881958007812,187.49809956371718,185.8721648302999,186.22907807070516,60794500,3.7431922142011036
2023-09-01,187.83518981933594,188.2912363685708,186.66530168187228,187.86493132785435,45732600,4.353611554915627
2023-09-05,188.07313537597656,188.35073289401015,186.00106278496517,186.66531506939765,45280000,4.884446247195055
2023-09-06,181.3413543701172,187.2304149251444,179.91370149278592,186.78426205503195,81755800,4.919528762974655
2023-09-07,176.03724670410156,176.6816813943478,172.05171790486162,173.67765269377628,112488800,4.930014397365662
2023-09-08,176.65191650390625,178.69426259870855,176.26526175899272,176.82047189213844,65551300,4.918844838718312
2023-09-11,177.82180786132812,178.7537488345446,175.81912716109244,178.52572555213936,58953100,4.8891446077911445
2023-09-12,174.78805541992188,178.58521118121962,173.32075212571604,177.95070042200115,90370200,4.970338992152007
2023-09-13,172.71597290039062,175.77946927367296,172.48793449989455,174.99623588192003,84267900,5.114553016687176
2023-09-14,174.23284912109375,174.58976234555206,172.09136977434392,172.50776601489048,60895800,5.147288855650953
2023-09-15,173.50909423828125,174.9863213204115,172.329312484714,174.96648860625493,109205100,5.090472890944251
2023-09-18,176.4437255859375,177.84163701778533,174.65915940995401,174.9664984209427,67257600,4.94867887863009
2023-09-19,177.53431701660156,178.08951208014952,175.61095188364544,175.99760666918286,51826900,4.849898597979478
2023-09-20,173.9849853515625,178.158871491594,173.8957457034938,177.72264255589144,58436200,4.924100373263839
2023-09-21,172.4383544921875,174.78803946069445,172.36896268457267,173.05304760725463,63047900,5.119658241488352
2023-09-22,173.29100036621094,175.5613698772793,172.55735626241975,173.17203432298646,56725400,5.189246901847227
2023-09-25,174.56996154785156,175.45232841298602,172.65650512224192,172.70607935402217,46172700,5.251866674278418
2023-09-26,170.48526000976562,173.6974637546494,170.18782981503577,173.32073296072448,64588900,5.528233434453398
2023-09-27,168.9683837890625,171.5560010147378,167.6002289663342,171.13960475321795,66921800,5.748149126343764
2023-09-28,169.2261505126953,170.5546549284134,166.18247183150447,167.88772217595067,56294400,5.607451977305718
2023-09-29,169.74168395996094,171.5857329254824,168.8791349237489,170.54473485773315,51814200,5.27138418310832
2023-10-02,172.25990295410156,172.80518912572896,169.46408028935463,169.75160169254372,52164500,4.434862099425093
2023-10-03,170.92149353027344,172.14095595651972,169.3550569046923,170.78269477378157,49594600,3.2004684727068446
2023-10-04,172.17071533203125,172.71600162052053,169.5037820439095,169.62274809669574,53020300,2.6860074870221515
2023-10-05,173.40997314453125,173.94533544106068,171.19908676207933,172.29956799243436,48527900,2.6129593258018007
2023-10-06,175.96786499023438,176.46357702906525,171.6948145080504,172.30950772319366,57224100,2.570329267781045
2023-10-09,177.4550018310547,177.51448485548826,174.2923565899357,175.29368946640614,42390800,2.5368871032260163
2023-10-10,176.86012268066406,178.17871838563994,176.42389371024447,176.57261638357625,43698000,2.6449182261508657
2023-10-11,178.25804138183594,178.30761560829964,176.07691156880261,176.6717569025772,47551100,2.8609722614538566
2023-10-12,179.1602325439453,180.77624333047942,177.50454119898205,178.52572180730996,56743100,3.1199983654936094
2023-10-13,177.31619262695312,180.36976530628638,176.61227491408687,179.86414450043375,51427100,3.213932204543479
2023-10-16,177.1873016357422,177.54421488719547,174.99624790055657,175.2341951108354,52517000,3.2475321901270724
2023-10-17,175.63075256347656,176.88986525789463,173.3009152798367,175.1350405719026,57549400,3.1672615534466404
2023-10-18,174.33200073242188,176.0570840196497,173.60826541418712,174.07423592634754,54764400,3.168326149681145
2023-10-19,173.9552459716797,176.31482459139443,173.68755728005698,174.53025852712355,59302900,3.147503366625635
2023-10-20,171.39739990234375,173.91561041088508,171.1594526769345,173.80655315689722,64189300,3.1998467780808793
2023-10-23,171.51634216308594,172.51767489960218,168.4726633962427,169.4442697526279,55980100,3.241970235877625
2023-10-24,171.95260620117188,172.1806295187963,169.9796667057414,171.56595138957746,43816600,3.1787325001900806
2023-10-25,169.6326446533203,171.57582713235345,169.1864917714858,170.40595412753765,57157000,3.127725347673371
2023-10-26,165.458740234375,169.91023915738614,164.24920182104776,168.9088912991807,70625300,3.514657038052396
2023-10-27,166.77732849121094,167.5109876180873,165.3992498850538,165.4785656118454,58499100,3.7465240573379748
2023-10-30,168.82958984375,169.7020478229813,167.42176954958222,167.57049222945847,51131000,3.886106313509716
2023-10-31,169.3054962158203,169.4343710606267,166.4600987883306,167.89767582228524,44846000,3.9567175100789256
2023-11-01,172.47802734375,172.73579212701503,168.66103905073186,169.5334969755198,56934900,3.9525785160366746
2023-11-02,176.04718017578125,176.2553707597914,173.95527477340474,174.01475779740764,77334800,3.9986149604500065
2023-11-03,175.13504028320312,175.30359567263832,171.8633532465518,172.74571998498175,79763700,3.975568128196897
2023-11-06,177.6929168701172,177.8911986418375,174.69882732290304,174.86736758526175,63841300,3.988566937627055
2023-11-07,180.26072692871094,180.87540499500966,177.43516235233906,177.64335292992328,70530000,4.208197720401726
2023-11-08,181.32154846191406,181.87674352341537,180.03269413889697,180.7861861177323,49340300,4.435657798177882
2023-11-09,180.8456573486328,182.54098393459674,180.2507968912838,181.39094357988108,53763500,4.557795908362523
2023-11-10,185.04489135742188,185.2136688107188,182.19576071339824,182.63256439705196,66133400,5.155297795105766
2023-11-13,183.45651245117188,184.67756614585693,182.8708053693486,184.46910132249658,43627500,5.521519028519907
2023-11-14,186.0773468017578,186.74247420260892,184.9456350058848,186.33545119454976,60108400,6.093299182356585
2023-11-15,186.6431884765625,188.12236184083608,186.414864785386,186.4843631662735,53790500,6.613817456623464
2023-11-16,188.33084106445312,189.57175373642215,187.2785343944212,188.191859451107,54412900,7.172743658190337
2023-11-17,188.3109893798828,188.99597562451044,187.19913643084107,188.8669158544037,50922700,7.538371613189973
2023-11-20,190.05816650390625,190.51482899547432,188.49958819031184,188.50951003765908,46505100,7.925575324635366
2023-11-21,189.25405883789062,190.12766614172318,188.36060783923182,190.0184652287441,38134500,8.150765655028199
2023-11-22,189.919189453125,191.52740733771327,189.4426832554431,190.09788874466753,39617700,8.17962640482333
2023-11-24,188.58895874023438,189.5121905622833,187.874191778969,189.48240986788565,24048300,7.622355460834203
2023-11-27,188.41024780273438,189.28385517880056,187.52671857843467,188.5393075690696,40552600,6.972365884829266
2023-11-28,189.01580810546875,189.690872461515,188.02307798905798,188.4003202806091,38415400,6.353277013345988
2023-11-29,187.99331665039062,190.69354405683197,187.596230622092,189.51219267303125,43014200,5.5024876587616705
2023-11-30,188.569091796875,188.93641225844013,186.82189215984647,188.45989087281944,48794400,4.826379290916472
2023-12-01,189.84971618652344,190.16738195236098,187.85431892352926,188.94632812953898,45679300,4.44308680059665
2023-12-04,188.05287170410156,188.6683747194466,186.08727017888344,188.5988763355123,43389500,3.696714159479734
2023-12-05,192.01385498046875,192.9867262414063,188.79740398889692,188.82719982806023,66628400,3.288985732636903
2023-12-06,190.92185974121094,193.3441084564195,190.71337975554792,193.03636454966008,41089700,2.970565940228083
2023-12-07,192.85768127441406,193.5823700079149,192.18261692775607,192.22233461466143,47477700,2.7951916920308224
2023-12-08,194.28720092773438,194.56516412443645,192.26202318278135,192.78816888710017,53377300,2.5349634758494406
2023-12-11,191.77560424804688,192.08336332058192,190.02840462687192,191.70612101402028,60943700,2.443773455794021
2023-12-12,193.2945098876953,193.30443173677244,190.32624104462562,191.6763547643133,52696900,2.200793565436254
2023-12-13,196.5208740234375,196.5605765657659,193.433482543182,193.67172809287342,70404200,2.5103914286916034
2023-12-14,196.6697540283203,198.16877097511053,194.733933428728,196.58041195784497,66831600,2.7458067654641063
2023-12-15,196.13369750976562,196.95765018105735,195.56783406915136,196.09397982207716,128256700,2.934150862841807
2023-12-18,194.46591186523438,195.20053764226134,192.97681661429394,194.66445486912104,55751900,2.9462378831832194
2023-12-19,195.50827026367188,195.5181921115413,194.46590061872467,194.73394198979324,40714100,3.0621859302366343
2023-12-20,193.4136199951172,196.24289187855894,193.4136199951172,195.46856356116558,52242800,3.0280166538283297
2023-12-21,193.26467895507812,195.64724016492798,192.09326476649224,194.67436895686498,46482500,3.004385133300131
2023-12-22,192.1925506591797,193.98938969071887,191.56712585784612,193.7610508645393,37122800,2.8898512287412723
2023-12-26,191.6465606689453,192.48045036895266,191.42815882163003,192.20248713561688,28919300,2.7501386871169387
2023-12-27,191.74583435058594,192.0932959838613,189.70081253792972,191.09064392317032,48087700,2.6376062553804136
2023-12-28,192.17271423339844,193.24486466881353,191.7656912152772,192.72864072260757,34049900,2.412836441030167
2023-12-29,191.13031005859375,192.98671035372809,190.33612301086217,192.4903453423781,42628800,2.2400402409791984
2024-01-02,184.29042053222656,187.07006792285642,182.55314280656535,185.78943757371047,82488700,2.888886326906799
2024-01-03,182.91050720214844,184.5286619910614,182.09646131024977,182.88072651321147,58414500,3.4840978368536413
2024-01-04,180.58753967285156,181.7589539428833,179.5650288616003,180.82578520690032,71983600,4.368557183607572
2024-01-05,179.86282348632812,181.4313387856725,178.8601715873943,180.66694755236284,62303300,5.119515576691032
2024-01-08,184.21099853515625,184.2507162227342,180.18051667398524,180.76622380895435,59144500,5.335933109929017
2024-01-09,183.79405212402344,183.80397397190293,181.40156892129536,182.58292017691045,42841800,5.4891156895226425
2024-01-10,184.83641052246094,185.04487535026095,182.5829090664718,183.00979086506445,46792900,5.607605548596851
2024-01-11,184.24078369140625,185.69017636593313,182.28510409693843,185.1838742981323,49128400,5.686805742956763
2024-01-12,184.56838989257812,185.38243589635255,183.84370111575322,184.70737150933715,40444700,5.5339161324807575
2024-01-16,182.2950439453125,182.9204536449405,179.61466039771227,180.83572939974707,65603000,5.40114981990297
2024-01-17,181.3519287109375,181.6001112377356,178.98924135636386,179.95219077216925,47317400,5.262709136477916
2024-01-18,187.25868225097656,187.76496914507203,184.47903496158258,184.73713933247967,78005800,4.99512593621958
2024-01-19,190.16737365722656,190.55453778649462,187.4473029046773,187.9535897974558,68741000,4.650831732828779
2024-01-22,192.48045349121094,193.90998737033232,190.86229845472488,190.9020161446229,60133900,4.585176561573055
2024-01-23,193.76104736328125,194.3269107729025,192.42087086045922,193.602222064805,42355600,4.623475920557884
2024-01-24,193.0860137939453,194.95235131957728,192.9271733347724,193.9993237123997,53631300,4.682513905077977
2024-01-25,192.75840759277344,194.84314692565724,191.70611607825748,193.80077725921535,54822100,4.748962293425569
2024-01-26,191.02110290527344,193.34408744696182,190.54459675135575,192.8576594463704,44594000,4.712468345301497
2024-01-29,190.3361358642578,190.80272021826386,188.20177223046258,190.614099077556,47145600,4.620056503925861
2024-01-30,186.67295837402344,190.4056331853674,186.10711010289756,189.5518847070131,55859400,4.503542180328011
2024-01-31,183.05943298339844,185.7398164976455,183.00980859435379,185.6802399646441,55467800,4.543913773468858
2024-02-01,185.50155639648438,185.59089847447947,182.48366340616798,182.6524257138898,64885400,4.473691310332829
2024-02-02,184.4989013671875,185.96813772334343,177.9468764270477,178.55244241438749,102518000,4.278603990318564
2024-02-05,186.31556701660156,187.8741604535555,184.48894737475842,186.7821513481828,69668800,3.9603575531143136
2024-02-06,187.92381286621094,187.9337347140823,185.4122068995574,185.50154897397763,43490800,3.9038940134055964
2024-02-07,188.0330047607422,189.66108145721643,187.23881768122482,189.2540584961332,53439000,3.8178601585390206
2024-02-08,186.95094299316406,188.16205980044833,185.98799356738817,188.0131563419714,40962000,3.7689377650504428
2024-02-09,187.71632385253906,188.84947973129314,186.87142040616737,187.5175123353768,45155200,3.684393282846206
2024-02-12,186.02650451660156,187.537383976275,185.66866504371018,187.28888476363343,41781900,3.6313794778468753
2024-02-13,183.92918395996094,185.09217370700773,182.4083698811328,184.6548126341336,56529500,3.516113258414703
2024-02-14,183.04452514648438,184.41624573755993,181.34479892181088,184.20751487981576,54630500,3.3663144980383937
2024-02-15,182.7562713623047,183.3824942652778,180.26134459364147,182.44813474883824,65434500,3.565086144945288
2024-02-16,181.21556091308594,183.7403213725013,180.57940354414131,182.31889800876044,49701400,3.806268759233213
2024-02-20,180.47006225585938,181.33483464555084,178.91942962585208,180.69867728023533,53665600,3.9012198571433987
2024-02-21,181.22552490234375,181.79209525720324,179.57548638259638,180.8478012209779,41529700,3.718911873323205
2024-02-22,183.26318359375,183.84965322779226,181.36466124906403,182.37852705601026,52292200,3.3851590860443777
2024-02-23,181.42430114746094,183.9291621764045,181.1360335803032,183.89934348562096,45119700,3.0634705374209443
2024-02-26,180.07247924804688,181.66286516303873,179.56553112991756,181.1459977034405,40867400,2.9187377725269767
2024-02-27,181.53366088867188,182.8159102315647,178.482083088638,180.0128468267154,54318900,2.646845934196188
2024-02-28,180.33091735839844,182.02070906977036,179.0486680197237,181.4143703487687,48953900,2.699440465488777
2024-02-29,179.66493225097656,181.47401381447335,178.45225486971108,180.18181486443112,136682600,2.848696702860769
2024-03-01,178.58148193359375,179.44625436004063,176.31517027538303,178.47214167082092,73488000,3.0200252157907728
2024-03-04,174.04885864257812,175.838040881393,172.74670999766127,175.09254322615726,81510100,3.6339603264104374
2024-03-05,169.0987548828125,171.00722719097524,168.60175641192043,169.73491231886675,95132400,4.639168458856838
2024-03-06,168.104736328125,170.21201988746688,167.6673753032203,170.03309257401145,68587700,5.340668388392041
2024-03-07,167.9854736328125,169.70508399774383,167.47854068144582,168.13456709874717,71765100,5.788928182585761
2024-03-08,169.70509338378906,172.65726551008456,167.9258455340773,167.98548292374957,76114600,5.960890239538376
2024-03-11,171.7129669189453,173.33318674250597,171.01717211248007,171.9018287593836,60139500,5.802675468237851
2024-03-12,172.19007873535156,172.98527928876703,169.9834044040384,172.1105571632911,59825400,5.644333616137631
2024-03-13,170.10269165039062,172.1503228051375,169.73490248954016,171.73284593382695,52488700,5.664449438866786
2024-03-14,171.96144104003906,173.26357438070215,171.01714714290978,171.87198497095238,72913500,5.565394530747192
2024-03-15,171.583740234375,171.583740234375,169.26772563447943,170.14244776104985,121664700,5.43962511112899
2024-03-18,172.67715454101562,176.6432079045962,172.4783581807999,174.51605499918875,75604200,5.318821979251904
2024-03-19,175.0229949951172,175.54981219600123,171.99130108716793,173.29343474094514,55215200,5.177014845085388
2024-03-20,177.59739685058594,177.59739685058594,174.03888667858465,174.6651094822859,53423100,5.008753919764769
2024-03-21,170.34124755859375,176.42451903095682,169.81443040365232,175.98715795881162,106181300,4.687198384697257
2024-03-22,171.2457733154297,172.01115512427612,169.03909913099622,170.7288907150358,71106600,4.404061042915172
2024-03-25,169.82437133789062,170.90782428626645,168.43276661931924,169.54605342761408,54288300,4.212957105259022
2024-03-26,168.69122314453125,170.39094937582044,168.5619986920605,168.97947557636294,57388400,3.8318787976809427
2024-03-27,172.26959228515625,172.55785986634996,169.08880538680637,169.3870074763491,60273300,3.3626675942705786
2024-03-28,170.45057678222656,171.1960744249358,169.4863986176142,170.71896018041463,65672700,2.869697446407626
2024-04-01,169.00929260253906,170.22197004043582,168.46259127116116,170.16233265286536,46240500,2.4170658237792706
2024-04-02,167.82643127441406,168.3234297194346,167.22009256480143,168.0649959882119,49329500,2.4289555586102196
2024-04-03,168.63156127929688,169.6553768320082,167.56799252573734,167.7767233727702,47691700,2.449050410466719
2024-04-04,167.80657958984375,170.8879611669358,167.80657958984375,169.26774121531477,53704400,2.4674579714020397
2024-04-05,168.56198120117188,169.3671161921521,167.93575835610383,168.57191570910442,42055200,2.4356187141758694
2024-04-08,167.4387664794922,168.18426411757292,167.23003563445502,168.01528647300387,37425500,2.5425796254821096
2024-04-09,168.6514434814453,169.05898582949538,167.33937552823474,167.68726532493085,42451200,2.573354612187758
2024-04-10,166.77279663085938,168.0749301271986,166.1068205360595,167.78667770328389,49709300,2.6794545404501693
2024-04-11,173.9892120361328,174.4067040844594,167.1505236254001,167.3294357885208,91070300,2.800795342929568
2024-04-12,175.4901580810547,177.28929006742356,173.16420894399843,173.21389665591335,101593300,3.0005538512482204
2024-04-15,171.6533203125,175.56967037066977,171.46445848220424,174.30729011068368,73531800,3.001679745697882
2024-04-16,168.36318969726562,172.71688554496447,167.2598525976239,170.71895735574867,73711200,3.0069376869846165
2024-04-17,166.99147033691406,169.62555591523414,166.99147033691406,168.59180586766368,50901200,2.903065745558128
2024-04-18,166.03721618652344,167.62761710838,165.55016746918514,167.02127846323074,43122900,2.4418108119051354
2024-04-19,164.0094757080078,165.40106519259456,163.0950004513954,165.21221853676252,67772100,2.7217371451947114
2024-04-22,164.8444366455078,166.2559103754066,163.78086788564391,164.52636553527142,48116400,2.840527146582649
2024-04-23,165.8980712890625,166.0471799196536,163.92996173620628,164.3573882766078,49537800,2.90571050712825
2024-04-24,168.00535583496094,168.2836737462142,165.21222704669103,165.540232667877,48251800,2.909483518415041
2024-04-25,168.87013244628906,169.58581142644354,167.14057238305094,168.51229295621184,50558300,2.7825047192696486
2024-04-26,168.28367614746094,170.31142312512412,168.16438620722982,168.8601961624801,44838400,2.7430316121910185
2024-04-29,172.4584503173828,174.97326108846298,172.06085765153782,172.3292258757486,68169400,2.890671698858938
2024-04-30,169.30747985839844,173.9395086711804,168.9794590883409,172.28947031289857,65934800,2.890691737324338
2024-05-01,168.28367614746094,171.6732091751753,168.0948143120181,168.56199406268553,50383100,2.891558881353817
2024-05-02,171.9912872314453,172.37894542666191,169.8641344122997,171.47440458209337,94214900,2.982186946335664
2024-05-03,182.27915954589844,185.8774235329829,181.56348055207545,185.52951854505613,163224100,4.238503727606876
2024-05-06,180.61917114257812,183.09421354898845,179.33690673477625,181.2553285088154,78569700,4.880341682368515
2024-05-07,181.30502319335938,183.79001537072006,180.23151991986552,182.34872294128857,77305800,5.462668959116055
2024-05-08,181.64300537109375,181.97102617972277,180.36074083125402,181.75234564063675,45057100,5.8852370751645715
2024-05-09,183.46202087402344,183.55147695770702,181.0167817496789,181.46407733528633,48983000,6.44893060774271
2024-05-10,182.1979217529297,184.22841905381327,181.28220609270682,184.039301056681,50759500,6.80514163991534
2024-05-13,185.4128875732422,186.22907786103977,183.76061103045285,184.57680131825043,72044800,7.402914056652229
2024-05-14,186.55751037597656,187.4234708736874,185.42281765723527,186.63713980034996,52393600,7.9024822908209105
2024-05-15,188.8368682861328,189.76253191302303,186.49780129168897,187.03529613574696,70400000,8.388768219813153
2024-05-16,188.95631408691406,190.21045865928463,188.7771592552961,189.58338637309936,52845200,8.658874728574666
2024-05-17,188.98617553710938,189.9218023921439,188.29938496531759,188.62785068172937,41282900,8.615088119631206
2024-05-20,190.15072631835938,191.02663488992152,188.1301769262196,188.44869465688268,44361300,8.530412823160725
2024-05-21,191.4546356201172,191.83285642957057,190.03128423275254,190.20049107683238,42309400,8.429243080309444
2024-05-22,190.01138305664062,191.92245910983817,189.38432593982932,191.37501623979523,34648500,8.22127853548496
2024-05-23,186.01010131835938,190.11091836221462,185.76126503778056,190.09100720719516,51005900,7.7651305477864
2024-05-24,189.0956573486328,189.6928704821682,187.16468542966413,187.94106857836448,36294600,7.218150672241092
2024-05-28,189.10562133789062,192.10160462638697,188.21976480489596,190.61853495727325,52280100,6.8972249972137565
2024-05-29,189.4042205810547,191.35510374397245,188.6278525845266,188.7273931739324,53068000,6.094487209530932
2024-05-30,190.39956665039062,191.2854232244703,189.7426503955058,189.8720349370489,49947900,4.814160093143326
2024-05-31,191.3551025390625,191.67362027294615,189.02599856414395,190.5488754083416,75158300,3.6859505696755863
2024-06-03,193.1267852783203,194.08232314185275,191.62381982592728,192.002040590698,50080500,3.773150479306425
2024-06-04,193.4453125,194.41079839334418,192.13144977133211,193.7339558758535,47471400,3.6470677733573913
2024-06-05,194.95823669433594,195.9834409155792,193.96289161058436,194.49042328995185,54156800,3.596365229049423
2024-06-06,193.57470703125,195.58530834672572,193.2661524862918,194.77908126144504,41181800,3.339604169923904
2024-06-07,195.97349548339844,196.02326577578603,193.23629646745044,193.7439169991778,53103900,3.355318534375253
2024-06-10,192.2210235595703,196.3815736009198,191.25553768440525,195.98342648408087,97262100,2.846341412660283
2024-06-11,206.18572998046875,206.19569315156764,192.72867525564521,192.74857122232135,172373300,4.3196077213756485
2024-06-12,212.0782012939453,219.1750019825869,205.9369082694312,206.40472171133436,198134300,6.162181304781729
2024-06-13,213.2427520751953,215.74106295368526,210.61504146610727,213.74042465409653,97862700,7.593383395347443
2024-06-14,211.50086975097656,214.16838712685717,210.31640674162668,212.8545395919822,70122700,8.434124061680546
2024-06-17,215.6614227294922,217.9308083607288,211.72981259041407,212.37678083551464,93728300,9.460782269310162
2024-06-18,213.29248046875,217.61228945527094,212.008492058615,216.5771221156608,79943300,10.047088461226492
2024-06-20,208.70396423339844,213.24275088537271,207.87784112226225,212.93418113045576,86172500,10.230047205620519
2024-06-21,206.524169921875,210.9036824915187,206.14593390610847,209.41066477171813,246421400,10.177889914374767
2024-06-24,207.17111206054688,211.70988292620214,205.62832424046638,206.75306897426384,80727000,9.817922596856649
2024-06-25,208.09678649902344,210.39603101963272,207.6389211162797,208.1764007338177,56713900,9.588101132310301
2024-06-26,212.25733947753906,213.8598456726642,209.65948819693895,210.51548557795786,66213200,9.434573544380022
2024-06-27,213.10340881347656,214.73577429887092,211.36155475092565,213.69065882378794,49772700,9.193882139677463
2024-06-28,209.6395721435547,215.0642148828325,209.3210696212814,214.76560832661605,82542700,8.730043047437176
2024-07-01,215.74105834960938,216.49751518580166,210.9335395174881,211.1027463681721,60402900,8.48139523007526
2024-07-02,219.24465942382812,219.35414798734178,214.09872731420612,215.1438274713018,58046200,8.433912668803893
2024-07-03,220.51870727539062,220.51870727539062,218.01043340115498,218.97591935149836,37369800,8.293247139183839
2024-07-05,225.28639221191406,225.3958807735831,220.618221554563,220.618221554563,60412400,8.460856819524068
2024-07-08,226.75953674316406,226.78939588229815,222.21080217009418,226.0329238568709,59085900,8.322786719280339
2024-07-09,227.61550903320312,228.33215871662,225.3162642938077,226.8690002119573,48076100,8.190332241343498
2024-07-10,231.89549255371094,231.9950331368443,228.1828596567971,228.23262994836378,62627700,7.615423513064051
2024-07-11,226.5106964111328,231.30825199534104,224.7190721562944,230.31290687462652,64710600,7.7012070328158755
2024-07-12,229.46685791015625,231.55708874298097,227.6155153743793,227.8544036714271,53046500,8.17344029720067
2024-07-15,233.3088836669922,236.12571210202407,232.00498402552307,235.37920328245679,62631300,8.875001409142463
2024-07-16,233.72694396972656,235.17019132901206,231.2485291999769,233.90609879782943,43234300,9.380371186039095
2024-07-17,227.81459045410156,230.38258262455565,225.58501197125685,228.38192926123955,57345900,9.52973888079658
2024-07-18,223.13644409179688,229.3673137711516,221.2353466054131,229.20805491946456,66034600,9.42776924971562
2024-07-19,223.26583862304688,225.74425318618754,222.24063446922685,223.773474302542,49151500,9.037172529468888
2024-07-22,222.91749572753906,226.7197061195605,222.0515351611177,225.95328613844396,48201800,8.368651718637416
2024-07-23,223.96258544921875,225.88360930378687,221.64342964759248,223.32556522126958,39960300,7.625257157495791
2024-07-24,217.52268981933594,223.75355924528677,216.11926491073012,222.9572802069956,61777600,6.934283000713613
2024-07-25,216.4776153564453,219.8219755631398,213.62096453779796,217.91089956980477,51391200,6.642321556832935
2024-07-26,216.94541931152344,218.46829606182757,215.0044842643322,217.6819649471348,41601300,6.379344598915108
2024-07-29,217.22412109375,218.27918447457574,214.74570631572197,215.95008057489312,36311800,5.695293729859468
2024-07-30,217.78150939941406,219.30438617677734,215.11397665237357,218.16969337819762,41643800,5.556772704564936
2024-07-31,221.04623413085938,222.77814001369308,219.60298682237814,220.40921389598267,50036300,5.488633923604724
2024-08-01,217.3435516357422,223.43505864730554,216.0097928775357,223.3255700813178,62501000,5.6432195019636815
2024-08-02,218.83656311035156,224.54984915998065,216.69657732981517,218.1298614428512,105568600,5.7491614224745335
2024-08-05,208.29586791992188,212.506173331003,195.0876345333798,198.16324716744046,119548600,6.641458403780368
2024-08-06,206.26535034179688,209.01251239840335,200.13403637997632,204.34434168651262,69660500,7.481739492697185
2024-08-07,208.84332275390625,212.64553325809877,205.4292810556757,205.9369016050796,63516400,7.601037468265909
2024-08-08,212.31704711914062,213.20290359333654,207.85790561211314,212.1179811495676,47161100,7.675943038963856
2024-08-09,215.23342895507812,215.77090862412464,210.98330114399806,211.11270086651854,42201600,7.3894233968724325
2024-08-12,216.76803588867188,218.7410960979999,214.8448035806853,215.31315848368175,38028100,6.600529676808904
2024-08-13,220.49493408203125,221.11275746457662,218.2428407360094,218.2428407360094,44155300,5.5511086744441
2024-08-14,220.943359375,222.24876826808693,218.93043078284688,219.7973936824548,41960600,5.079884756655992
2024-08-15,223.93284606933594,224.56064415441705,221.97970491871703,223.81327127421198,46414000,5.131063082953734
2024-08-16,225.25819396972656,226.03546056539557,222.86659157853387,223.1356500786779,44340200,5.2700157885986085
2024-08-19,225.0987548828125,225.19841068626937,222.25873174304007,224.92935218120843,40687800,5.410462407812584
2024-08-20,225.71656799316406,226.3742597731608,224.66028342820331,224.9791698204466,30299000,5.533050867356083
2024-08-21,225.60696411132812,227.18143154067607,224.26170199000447,225.7265541171402,34765500,5.81394361802156
2024-08-22,223.74351501464844,227.5401669123529,223.11571691317775,226.9920904114928,43695300,5.9380809662789655
2024-08-23,226.04541015625,227.42058109078098,223.544207780358,224.86955081625499,38677300,6.166242227245467
2024-08-26,226.3842315673828,226.48388737170686,223.1057623977585,225.9657045588355,30602200,6.37652502131875
2024-08-27,227.2312469482422,228.04838192077386,224.1022464634546,225.20835892301574,35934600,6.604293724110217
2024-08-28,225.69664001464844,229.05483047059747,224.8894645684117,227.1216236092518,38052200,6.732207222051996
2024-08-29,228.98507690429688,232.10411789712717,228.07827604001008,229.294003797999,51906300,6.98857452602167
2024-08-30,228.19786071777344,229.59295072736154,226.68318070354871,229.38369482859366,52990800,7.176286608797036
2024-09-03,221.9896697998047,228.19784265919515,220.39526831044307,227.7494219919808,50190600,6.518158697701374
2024-09-04,220.076416015625,221.00315112701452,216.71821006143196,220.88357632692316,43840200,5.434163755202299
2024-09-05,221.60104370117188,224.6901757794695,220.744055533832,220.85367082984084,36615400,4.407353386511634
2024-09-06,220.0465087890625,224.4510243839852,219.00018373655976,223.16553454066073,48423000,3.696795645575108
2024-09-09,220.13619995117188,220.49493955114087,215.95091475509392,220.04651885251477,67180000,3.2598205975360504
2024-09-10,219.3389892578125,220.70418549359823,215.97082401031443,218.15315521125123,51591000,3.013565256438583
2024-09-11,221.88006591796875,222.3085524071335,217.126770108234,220.6842723421212,44587100,2.9481845601522254
2024-09-12,221.9896697998047,222.7669363444001,219.05000630879996,221.72061131734026,37498200,2.9019631643460424
2024-09-13,221.7206268310547,223.25522582753553,221.13269713278441,222.7968456308755,36766600,2.944412786911681
2024-09-16,215.56228637695312,216.45912779468063,213.1706839207783,215.7815017768951,59357400,3.4525038195418642
2024-09-17,216.03062438964844,216.14023969143096,213.74865245933694,214.99427397716522,45519300,3.790033547771888
2024-09-18,219.91696166992188,221.9298901997397,216.777986478492,216.7879611815548,59894900,3.7849744446535714
2024-09-19,228.06829833984375,229.014982798629,223.84316014627527,224.20189972925183,66781300,3.9250064611100326
2024-09-20,227.40065002441406,232.27352055331795,226.82267984404155,229.1644542640561,318679900,4.05755790197563
2024-09-23,225.67672729492188,228.64628476177805,225.01903547850176,226.54367501316779,54146000,4.043399845090875
2024-09-24,226.5735626220703,228.5466380182851,224.93930782860403,227.8490778167103,43556100,4.052207283241498
2024-09-25,225.57705688476562,226.49383244586693,223.2352976856936,224.1420985437932,42308700,3.975431888220789
2024-09-26,226.72303771972656,227.69960067739044,224.62042810744603,226.50380712846774,36636700,4.020843204121579
2024-09-27,226.99209594726562,228.71604709249937,226.50382203896112,227.65976246799463,34026000,3.8837958552728673
2024-09-30,232.18385314941406,232.18385314941406,228.84558136748996,229.23421467656505,54541900,4.260707156368001
2024-10-01,225.41763305664062,228.84557057238277,222.9562838134916,228.71603627902877,63285000,4.2878793965607445
2024-10-02,225.98562622070312,226.57355589970402,222.2388023482828,225.09874435066007,32880600,4.2688099115740465
2024-10-03,224.87950134277344,226.0155074417467,222.5377422537936,224.35135909006985,34044200,4.257364876963571
2024-10-04,226.0055694580078,227.20136306464835,223.3449237414969,227.1017072618697,37245100,4.203396662766271
2024-10-07,220.91346740722656,224.8994562199718,220.55472780586587,223.7136221153256,39505400,4.170199520506375
2024-10-08,224.9791717529297,225.1884276449642,222.46799461113406,223.51431968732726,31855700,4.030934565619124
2024-10-09,228.7359619140625,228.94523301761674,224.0424685900414,224.44106139019914,33591100,4.111833070745955
2024-10-10,228.2377166748047,228.6961120865482,226.37427173832708,226.98213565099735,28183500,4.142975271633514
2024-10-11,226.7529296875,228.60641499605356,226.54365859549918,228.49679970126073,31759200,4.093579760132636
2024-10-14,230.48980712890625,230.91829362955485,227.79926770980506,227.89890830734765,39882100,3.586644443186183
2024-10-15,233.03086853027344,236.65811760908664,231.5560417756155,232.79170373632726,64751400,3.1135715365375347
2024-10-16,230.96810913085938,231.3069145139278,229.0349022193022,230.78874694170784,34082200,2.8069056674399664
2024-10-17,231.33682250976562,233.0308799404877,229.71254238803704,232.6123377292532,32993800,2.9469041049160665
2024-10-18,234.1768341064453,235.35269346424636,233.19029643777657,235.35269346424636,46431500,3.309057846795052
2024-10-21,235.6516571044922,236.02037141360947,233.62876897482323,233.62876897482323,36254500,3.703308760214947
2024-10-22,235.03382873535156,235.3925683333293,231.7852533575211,233.07072804715946,38846600,3.9715391650786387
2024-10-23,229.95169067382812,234.31635331873264,226.96219904424217,233.26006870913344,52287000,3.9102774731667442
2024-10-24,229.76235961914062,230.0114839114603,227.60992208421712,229.17441473320775,31109500,3.8792439899647597
2024-10-25,230.5994110107422,232.40306843409212,228.76585988907573,228.935262581316,38802300,3.8611566128350523
2024-10-28,232.5824432373047,233.9077863541258,231.73542973016842,232.50273684103132,36087100,3.878063255304519
2024-10-29,232.85150146484375,233.50919327337175,231.50623935322642,232.28350596136286,35417200,3.8450478530971193
2024-10-30,229.29400634765625,232.65219696606212,228.74592985962587,231.79520878623467,47070900,3.7492456445920634
2024-10-31,225.11868286132812,229.02495000446748,224.5805658660821,228.53666090957242,64370100,3.7330317101438215
2024-11-01,222.12918090820312,224.56063636026596,219.4984290694042,220.1959740256502,65276700,4.030480728332998
2024-11-04,221.23233032226562,222.0095968952219,218.94039900502227,220.21591416091667,44944500,3.994658724610202
2024-11-05,222.66729736328125,223.1655459656629,220.36539125313263,221.02308305755813,28111300,4.166554497496078
2024-11-06,221.93984985351562,225.27812143912794,220.41521040716108,221.83023455712816,54561100,4.4986326252756745
2024-11-07,226.68316650390625,227.08177448549134,223.78337136524107,223.8431587611439,42137700,4.529284205337424
2024-11-08,226.41383361816406,228.10973956989392,225.8651541338214,226.6233197345054,38328800,4.539206201677642
2024-11-11,223.69039916992188,225.15686291743452,220.96697301971395,224.4585504714927,42005600,4.681685447471368
2024-11-12,223.69039916992188,225.04712701721013,222.82249764582772,224.00963641496367,40398300,4.698620386302696
2024-11-13,224.5782470703125,226.10456392944064,222.2239257676591,223.4709176605461,48566200,4.724016035258765
2024-11-14,227.67079162597656,228.31922131738446,224.45853931227538,224.47849544461576,44923900,4.65711893207577
2024-11-15,224.4585418701172,226.3739196007606,223.73030286311794,225.8551667084814,47923700,4.457939721528714
2024-11-18,227.4712677001953,229.18712968944305,224.62812021676072,224.70792952115227,44686000,4.0034472664627625
2024-11-19,227.73065185546875,229.60613257977118,226.11455519341968,226.43377721041003,36211800,3.5262637384337565
2024-11-20,228.44891357421875,229.37666823104936,225.34639715216647,227.51117324017346,35169600,3.46489851691635
2024-11-21,227.97007751464844,229.60613029336434,225.16684213362325,228.3292117939797,42108300,3.397255764396065
2024-11-22,229.3168182373047,230.16477882059493,227.51117639639193,227.51117639639193,38168300,3.3243614072753305
2024-11-25,232.30960083007812,232.68869124314412,229.1871434272115,230.9030055193102,90152800,3.2976626715672315
2024-11-26,234.49432373046875,235.00310615337486,232.76849125195545,232.76849125195545,45986200,3.485018858355375
2024-11-27,234.36463928222656,235.12282010257627,233.24733940643014,233.9057547855541,33498400,3.872216200108426
2024-11-29,236.7588653564453,237.2377059705746,233.40695061340287,234.24492549364632,28481400,4.464358750592958
2024-12-02,239.013427734375,240.21053691361496,236.58928278806928,236.69901868412032,48137100,5.017008181667767
2024-12-03,242.06607055664062,242.1758064568113,238.32509471728144,239.232908507596,38861000,5.65082944000852
2024-12-04,242.42520141601562,243.5225604021956,240.66944226019712,242.28553892887177,44383900,6.172466268338062
2024-12-05,242.4551239013672,243.95151419061432,241.54732536132988,243.40284992887905,40033900,6.4479311782821105
2024-12-06,242.25559997558594,244.04130085085734,241.49743440151175,242.32543882662802,36870600,6.816150856335508
2024-12-09,246.1562042236328,246.64503053466012,241.16823655952678,241.24804586880077,44649200,7.388523383719939
2024-12-10,247.1737518310547,247.612695417372,244.7495916510093,246.2958646584201,36914800,7.712429710093241
2024-12-11,245.89683532714844,250.19646101706442,245.66737785476369,247.3632990378159,45205800,7.742381554888062
2024-12-12,247.36329650878906,248.1414182384854,245.08876927344312,246.2958641332418,32777500,7.781068883804508
2024-12-13,247.5328826904297,248.69007959411312,245.647431564018,247.223631137632,33155300,7.889840721417997
2024-12-16,250.43588256835938,250.77507595019196,247.05404098232512,247.3932343641577,51694800,7.80528561689497
2024-12-17,252.8699951171875,253.21915892963332,249.1789022262073,249.47818331943677,51356400,7.9669458180096235
2024-12-18,247.4530792236328,253.66808268004456,247.14382766353577,251.55318925842403,56774100,7.599780224173336
2024-12-19,249.1888885498047,251.3935770141874,246.49538898335234,246.90440599607692,60882300,7.226107111815768
2024-12-20,253.87759399414062,254.3863612366688,245.09876750312787,247.44310326755718,147495300,6.917825243608068
2024-12-23,254.6557159423828,255.03479114956258,252.8400883307868,254.15691915529422,40858800,6.558070072066371
2024-12-24,257.57867431640625,257.58862955018265,254.67565812568793,254.87518901917565,23234700,6.532683953629575
2024-12-26,258.39666748046875,259.47408555117545,257.0100282923795,257.56867823862046,27237100,6.560956874639327
2024-12-27,254.9749298095703,258.0774615569102,252.4510193654514,257.20952960207876,42355300,6.090869588997194
2024-12-30,251.59307861328125,252.88995321263158,250.14657107718884,251.62300520062965,35557500,5.537442617691865
2024-12-31,249.81736755371094,252.67048563095815,248.82974448856297,251.83251072711272,39480700,5.051696096599489
2025-01-02,243.26319885253906,248.5005651105234,241.23808511721737,248.3309608077005,55740700,4.969030751135298
2025-01-03,242.7743682861328,243.5923870862029,241.3079045417172,242.7743682861328,40244100,4.944274687173537
2025-01-06,244.41041564941406,246.73481040856498,242.61474424512696,243.72207367593157,45045600,4.819870221061826
2025-01-07,241.62713623046875,244.9590949760797,240.76920518354387,242.3952722906863,40856000,4.87056790677211
2025-01-08,242.11595153808594,243.12353076570005,239.47233471944105,241.33782978685954,37628900,5.088983418923126
2025-01-10,236.28004455566406,239.58207685657038,232.43930319937854,239.43242868693397,61710900,5.839311107981697
2025-01-13,233.83592224121094,234.10527676213235,229.16719172961072,232.96802072299363,49630700,6.693983908432909
2025-01-14,232.71861267089844,235.55177458449063,231.9105643637605,234.1850763475817,39435300,7.51782825710558
2025-01-15,237.2975616455078,238.38495013235746,233.86583756026477,234.07533889356793,39832000,7.840447883887102
2025-01-16,227.710693359375,237.4372302632713,227.4812511099753,236.77883010316478,71759100,8.859852534170589
2025-01-17,229.4265594482422,231.73099810398455,227.93016912923343,231.5614090278119,68488300,9.38565993133553
2025-01-21,222.10421752929688,223.87993275191027,218.85206818023312,223.46094530610958,98070400,10.592698406115339
2025-01-22,223.29136657714844,223.58066200952604,219.26108010259503,219.26108010259503,64126500,11.373885403482177
2025-01-23,223.1217803955078,226.4836658384098,221.76505253825962,224.19918327232872,60234800,11.740694464549128
2025-01-24,222.24388122558594,225.08702882156655,220.877182986192,224.23906824814947,54697900,11.897959367260087
2025-01-27,229.30685424804688,231.59133678218907,223.44099929694335,223.4809115633434,94863400,11.199567631619637
2025-01-28,237.68663024902344,239.61199368769647,230.25456145518996,230.2944737209622,75707600,10.045826784158988
2025-01-29,238.7839813232422,239.28277807440017,233.446849997024,233.55658589116152,45486100,9.064439440357308
2025-01-30,237.0182342529297,240.21053038482776,236.63915907674937,238.09563705158317,55658300,8.24925282138459
2025-01-31,235.4320831298828,246.59515764263173,232.87824601959832,246.59515764263173,101075100,7.454452732650554
2025-02-03,227.46128845214844,231.27210292869276,225.1568499027089,229.4365345420127,73063300,7.258322293784504
2025-02-04,232.23977661132812,232.5689843025687,226.10456727432145,226.70312948058964,45067300,6.902968201908825
2025-02-05,231.91058349609375,232.11009917003332,227.7206934550818,227.98006230899622,39620300,6.32949121072394
2025-02-06,232.6587677001953,233.23737378273856,229.875473186273,230.7334042435517,29925300,5.922144448576131
2025-02-07,227.08221435546875,233.43688010961284,226.71309440770742,232.04025529180169,39707200,5.457288470414643
2025-02-10,227.3518524169922,230.2880044885276,226.90244480659103,229.26935130196645,33115600,5.356597180387163
2025-02-11,232.3153533935547,234.92193591818142,227.83124330015124,227.90114370319637,53718400,5.3164134030255
2025-02-12,236.55978393554688,236.64967765066982,230.377888084301,230.89721134547665,45243300,5.4732449691370055
2025-02-13,241.21368408203125,242.02262084431055,235.2614980047627,236.5997394445533,53614100,5.788319509790643
2025-02-14,244.2796630859375,245.22841586050225,240.67439035154717,240.93404435379279,40896200,6.475903960823912
2025-02-18,244.14984130859375,244.85890295305822,241.52328070167576,243.83025306858283,48822500,7.031875714578536
2025-02-19,244.54930114746094,245.68780753699892,242.84154918255663,244.33958470767533,32204200,7.10790917172891
2025-02-20,245.508056640625,246.4568094488268,243.9700649298591,244.61922281669615,32316900,7.1752759758371685
2025-02-21,245.22842407226562,248.36431123309396,244.89885442060717,245.6278941258364,53197400,7.024303211477601
2025-02-24,246.77639770507812,248.53408727873096,244.09989957647335,244.609226181644,51326400,6.694478489684423
2025-02-25,246.71646118164062,249.67259136851834,244.58926106556868,247.67521063757022,48013300,6.789718912293296
2025-02-26,240.0452117919922,244.65915630674968,238.8168269352331,244.01001367840516,44433600,6.80908649489942
2025-02-27,236.98922729492188,242.14247324939222,236.74953612071198,239.09646458024955,41153600,6.808151058477907
2025-02-28,241.5232696533203,241.77294223985544,229.89851463379637,236.63967447024518,56833400,6.856175755774544
2025-03-03,237.71826171875,243.71040379171194,235.80077808405883,241.47333193183624,47184000,6.830125316826028
2025-03-04,235.6210174560547,239.75561031847352,234.3726544629493,237.39870037793833,53798100,6.389833083947383
2025-03-05,235.4312744140625,236.2402111793479,228.92979032203158,235.11168617953675,47227600,6.263290084147233
2025-03-06,235.0218048095703,237.54849020730907,232.8546485518437,234.13297099659667,45170400,6.123345084961869
2025-03-07,238.7569122314453,241.05388787370777,234.45254396930395,234.80209169163373,46273600,5.948853570760239
2025-03-10,227.1820831298828,235.85072354308846,223.92635798057333,235.23152514577004,72071200,5.938230377136668
2025-03-11,220.55078125,225.54423318142804,217.16522145004404,223.51689291637274,76137400,6.78376039268355
2025-03-12,216.69583129882812,221.4595886104368,214.6285501658544,219.85169651198805,62547500,8.300055631494386
2025-03-13,209.4053955078125,216.55602242060417,208.14705109128238,215.6671885752157,61368300,10.485682855391481
2025-03-14,213.21041870117188,213.66980775083542,209.30553558500114,210.97334672214788,60107600,11.651598506287659
2025-03-17,213.71974182128906,214.93814530685134,209.69502079955336,213.0306430192638,48073400,12.388143757954326
2025-03-18,212.4114532470703,214.8682229774316,211.21302787332291,213.87952928252258,42432400,13.00208676734887
2025-03-19,214.95811462402344,218.47349365471302,213.470060528986,213.93944620866878,54385400,13.19937947468471
2025-03-20,213.81961059570312,217.20517028159983,211.94206785632258,213.70975404736055,48862900,13.226828452950606
2025-03-21,217.98414611816406,218.5533916912833,211.0032951126973,211.2829271905112,94127800,12.875434944006878
2025-03-24,220.44091796875,221.1899357355996,218.29373979930335,220.71056863168138,44299500,12.150985296496698
2025-03-25,223.45697021484375,223.80651793975238,219.79177838679217,220.48087718007702,34493600,11.179409534606686
2025-03-26,221.2398681640625,224.7253029108424,220.18125884970436,223.21727075576553,34466100,10.64745419265201
2025-03-27,223.5568389892578,224.69534536875565,220.271139232742,221.1000540446544,37094800,10.220453794160013
2025-03-28,217.6146240234375,223.51688772665744,217.39491092445158,221.3796909591809,39818600,9.38189935286221
2025-03-31,221.83909606933594,225.32451569687797,215.9468137615173,216.72579102857173,65299300,8.665426878561309
2025-04-01,222.897705078125,223.3870536043053,218.61331487709137,219.5221267668628,36412700,8.029125967242821
2025-04-02,223.59678649902344,224.89508702876748,220.73055001137135,221.03016017035932,35905900,7.314651402438738
2025-04-03,202.9239044189453,207.2182761783418,200.9864426085102,205.27081771109022,103419000,7.461599922760879
2025-04-04,188.13330078125,199.61824028069563,187.09465424061224,193.6360793511012,125910900,8.80546145289535
2025-04-07,181.2223663330078,193.89573468350994,174.39131242893686,176.967935484531,160466300,11.420035753496784
2025-04-08,172.19419860839844,190.09072892121037,168.9884109270566,186.4554964395268,120859500,14.625615154000299
2025-04-09,198.58958435058594,200.3472738997123,171.6648855169899,171.72480450043201,184395900,14.850033622252061
2025-04-10,190.17062377929688,194.52491452460524,182.76034285398336,188.82240088513313,121880000,15.542331142519691
2025-04-11,197.89048767089844,199.27866665425725,185.81632494094944,185.856281088865,87435900,15.73647019799128
2025-04-14,202.25477600097656,212.6611277249045,200.8965565016436,211.1630921847052,101352900,15.761724603537417
2025-04-15,201.87527465820312,203.24347561495443,199.53834280484799,201.59564256833872,51343900,15.79521787879569
2025-04-16,194.0155792236328,200.4371508814261,192.11805840887246,198.10021911176236,59732400,15.990971024798904
2025-04-17,196.72203063964844,198.56961397436802,194.16538565496842,196.94174374665747,51334300,16.052056205213802
2025-04-21,192.9070281982422,193.54618940120912,189.56140949031536,193.01688474432112,46742500,16.040412400783207
2025-04-22,199.47842407226562,201.32599215129426,195.71335703344474,195.8631544964882,52976400,15.635921288627767
2025-04-23,204.33206176757812,207.7276030292648,202.5344160012944,205.7302222309065,52929200,14.928276639905025
2025-04-24,208.09710693359375,208.5565112075726,202.67422555441442,204.62166872266098,47311000,14.345848489394827
2025-04-25,209.00592041015625,209.47530610539675,205.92995222724628,206.0997277622984,38222300,13.542364046931832
2025-04-28,209.8647918701172,211.2230113707532,207.1883090170199,209.72497582911666,38743100,13.15598172752407
2025-04-29,210.9333953857422,211.96204522644123,208.09710321217068,208.41669143858087,36827600,12.449489231550759
2025-04-30,212.22171020507812,213.30029766677714,206.399343338795,209.02590396975114,52286500,11.63424614535054
2025-05-01,213.04063415527344,214.2790004444518,208.62640936955898,208.80618155790114,57365700,10.70087783385804
2025-05-02,205.08106994628906,206.71892151455646,201.89524528415058,205.82009105417706,101010600,10.750152295600039
2025-05-05,198.62953186035156,203.83271551835597,197.9504297070337,202.83402512431957,69018500,10.422305048417272
2025-05-06,198.25001525878906,200.38721199140494,196.7619763948813,197.9504203457911,51216500,9.465558474569725
2025-05-07,195.99298095703125,199.1788056079939,192.99690991055434,198.90915494694545,68536700,6.805170042612407
2025-05-08,197.2313690185547,199.78801395815432,194.42503624466005,197.46106353953903,50478900,6.847301593526224
2025-05-09,198.27000427246094,200.2773664943336,197.28129528859796,198.739389980464,36453900,6.337640476288199
2025-05-12,210.7899932861328,211.27000427246094,206.75,210.97000122070312,63775800,6.518568095972143
2025-05-13,212.92999267578125,213.39999389648438,209.0,210.42999267578125,51909300,6.885409832449851
2025-05-14,212.3300018310547,213.94000244140625,210.5800018310547,212.42999267578125,49325800,7.14871639965551
2025-05-15,211.4499969482422,212.9600067138672,209.5399932861328,210.9499969482422,45029500,6.925844294871914
2025-05-16,211.25999450683594,212.57000732421875,209.77000427246094,212.36000061035156,54737900,6.786303092335107
2025-05-19,208.77999877929688,209.47999572753906,204.25999450683594,207.91000366210938,46140500,6.1184585475723186
2025-05-20,206.86000061035156,208.47000122070312,205.02999877929688,207.6699981689453,42496600,5.897711669568919
2025-05-21,202.08999633789062,207.0399932861328,200.7100067138672,205.1699981689453,59211800,5.9673388321475835
2025-05-22,201.36000061035156,202.75,199.6999969482422,200.7100067138672,46742400,6.070927996955278
2025-05-23,195.27000427246094,197.6999969482422,193.4600067138672,193.6699981689453,78432900,6.511861038323366
2025-05-27,200.2100067138672,200.74000549316406,197.42999267578125,198.3000030517578,56288500,6.539349430677972
2025-05-28,200.4199981689453,202.72999572753906,199.89999389648438,200.58999633789062,45339700,6.472114737326788
2025-05-29,199.9499969482422,203.80999755859375,198.50999450683594,203.5800018310547,51396800,6.29307424905141
2025-05-30,200.85000610351562,201.9600067138672,196.77999877929688,199.3699951171875,70819900,5.953548895675201
2025-06-02,201.6999969482422,202.1300048828125,200.1199951171875,200.27999877929688,35423300,5.951312340022444
2025-06-03,203.27000427246094,203.77000427246094,200.9600067138672,201.35000610351562,46381600,5.852097071479583
2025-06-04,202.82000732421875,206.24000549316406,202.10000610351562,202.91000366210938,43604000,5.725684325917421
2025-06-05,200.6300048828125,204.75,200.14999389648438,203.5,55126100,5.486414796074711
2025-06-06,203.9199981689453,205.6999969482422,202.0500030517578,203.0,46607700,5.2560330589146895
2025-06-09,201.4499969482422,206.0,200.02000427246094,204.38999938964844,72862600,5.1114677894127905
2025-06-10,202.6699981689453,204.35000610351562,200.57000732421875,200.60000610351562,54672600,4.896589625474083
2025-06-11,198.77999877929688,204.5,198.41000366210938,203.5,60989900,4.550066731898309
2025-06-12,199.1999969482422,199.67999267578125,197.36000061035156,199.0800018310547,43904600,4.104555865615052
2025-06-13,196.4499969482422,200.3699951171875,195.6999969482422,199.72999572753906,51447300,3.7680114358971517
2025-06-16,198.4199981689453,198.69000244140625,196.55999755859375,197.3000030517578,43020700,3.1283163192716814
2025-06-17,195.63999938964844,198.38999938964844,195.2100067138672,197.1999969482422,38856200,2.830385420312695
2025-06-18,196.5800018310547,197.57000732421875,195.07000732421875,195.94000244140625,45394700,2.553205381900969
2025-06-20,201.0,201.6999969482422,196.86000061035156,198.24000549316406,96813500,2.519543898549027
2025-06-23,201.5,202.3000030517578,198.9600067138672,201.6300048828125,55814300,2.523626107718845
2025-06-24,200.3000030517578,203.44000244140625,200.1999969482422,202.58999633789062,54064000,2.260530775179908
2025-06-25,201.55999755859375,203.6699981689453,200.6199951171875,201.4499969482422,39525700,2.2781659067995026
2025-06-26,201.0,202.63999938964844,199.4600067138672,201.42999267578125,50799100,2.2827171963735324
2025-06-27,201.0800018310547,203.22000122070312,200.0,201.88999938964844,73188600,2.2853796441630774
2025-06-30,205.1699981689453,207.38999938964844,199.25999450683594,202.00999450683594,91912800,2.5183459504205805
2025-07-01,207.82000732421875,210.19000244140625,206.13999938964844,206.6699981689453,78788900,2.981057437874213
2025-07-02,212.44000244140625,213.33999633789062,208.13999938964844,208.91000366210938,67941800,3.9138232052767536
2025-07-03,213.5500030517578,214.64999389648438,211.80999755859375,212.14999389648438,34955800,4.759645852439576
2025-07-07,209.9499969482422,216.22999572753906,208.8000030517578,212.67999267578125,50229000,5.068975149940822
2025-07-08,210.00999450683594,211.42999267578125,208.4499969482422,210.10000610351562,42848900,5.339281315288771
2025-07-09,211.13999938964844,211.3300018310547,207.22000122070312,209.52999877929688,48676300,5.6478898088420975
