Date,Open,High,Low,Close,Volume,Dividends,Stock Splits,STD
2024-01-18 00:00:00+00:00,0.0805089995265007,0.08069299906492233,0.07739900052547455,0.07798700034618378,314880990,0.0,0.0,
2024-01-19 00:00:00+00:00,0.07798799872398376,0.07870499789714813,0.07515200227499008,0.07853599637746811,351038255,0.0,0.0,
2024-01-20 00:00:00+00:00,0.07853399962186813,0.08999799937009811,0.07823599874973297,0.08788800239562988,684267184,0.0,0.0,
2024-01-21 00:00:00+00:00,0.08786799758672714,0.08999200165271759,0.08484300225973129,0.08527299761772156,948730356,0.0,0.0,
2024-01-22 00:00:00+00:00,0.08529199659824371,0.08541599661111832,0.08019500225782394,0.08034099638462067,673330908,0.0,0.0,0.00436568267856281
2024-01-23 00:00:00+00:00,0.0803460031747818,0.08167699724435806,0.07609099894762039,0.07815399765968323,555482191,0.0,0.0,0.004327732132583887
2024-01-24 00:00:00+00:00,0.07815700024366379,0.08051799982786179,0.07774999737739563,0.07901600003242493,372585722,0.0,0.0,0.004234945489884891
2024-01-25 00:00:00+00:00,0.07901600003242493,0.07913699746131897,0.0771929994225502,0.07793299853801727,292888748,0.0,0.0,0.0030193725769028707
2024-01-26 00:00:00+00:00,0.07792899757623672,0.08027900010347366,0.07759500294923782,0.07990100234746933,283895680,0.0,0.0,0.0010536532054775621
2024-01-27 00:00:00+00:00,0.07988300174474716,0.08067800104618073,0.07907100021839142,0.08014199882745743,212327663,0.0,0.0,0.0009957624697104512
2024-01-28 00:00:00+00:00,0.08014000207185745,0.08137000352144241,0.07829199731349945,0.07881300151348114,257196385,0.0,0.0,0.0008888303693029206
2024-01-29 00:00:00+00:00,0.07881300151348114,0.08287200331687927,0.07822299748659134,0.08128900080919266,540569157,0.0,0.0,0.0012878404893584701
2024-01-30 00:00:00+00:00,0.08129999786615372,0.08212900161743164,0.0795930027961731,0.07972300052642822,333456483,0.0,0.0,0.0008907436241882243
2024-01-31 00:00:00+00:00,0.07972899824380875,0.0802220031619072,0.07821399718523026,0.07876399904489517,307301569,0.0,0.0,0.0010455868442752784
2024-02-01 00:00:00+00:00,0.07876300066709518,0.0797789990901947,0.07768400013446808,0.07932700216770172,257042563,0.0,0.0,0.001031895565280675
2024-02-02 00:00:00+00:00,0.07932700216770172,0.07990100234746933,0.0786219984292984,0.07923299819231033,220161256,0.0,0.0,0.0009686832949487834
2024-02-03 00:00:00+00:00,0.07923399657011032,0.07945500314235687,0.07861600071191788,0.07865100353956223,152907809,0.0,0.0,0.0004370359103233259
2024-02-04 00:00:00+00:00,0.07865799963474274,0.0798569992184639,0.07808399945497513,0.07823800295591354,183715849,0.0,0.0,0.00044594873812474594
2024-02-05 00:00:00+00:00,0.07824800163507462,0.08002699911594391,0.077504001557827,0.07822000235319138,257544919,0.0,0.0,0.000528617449486643
2024-02-06 00:00:00+00:00,0.0782260000705719,0.0791810005903244,0.07776299864053726,0.07846599817276001,192061699,0.0,0.0,0.00041512414833903144
2024-02-07 00:00:00+00:00,0.07846999913454056,0.08025500178337097,0.07821100205183029,0.08010400086641312,213373948,0.0,0.0,0.0007851442838868231
2024-02-08 00:00:00+00:00,0.08010099828243256,0.08075500279664993,0.07962600141763687,0.07987099885940552,248828595,0.0,0.0,0.0009286563723243148
2024-02-09 00:00:00+00:00,0.07987000048160553,0.08208800107240677,0.07987000048160553,0.08157899975776672,333635097,0.0,0.0,0.0013622344644783598
2024-02-10 00:00:00+00:00,0.08158200234174728,0.08208300173282623,0.0804620012640953,0.08144800364971161,212946391,0.0,0.0,0.0012786289843181268
2024-02-11 00:00:00+00:00,0.08144699782133102,0.08327899873256683,0.08099199831485748,0.0811930000782013,304303558,0.0,0.0,0.0007938909050976625
2024-02-12 00:00:00+00:00,0.08120299875736237,0.08279699832201004,0.07956799864768982,0.08234500139951706,360525326,0.0,0.0,0.0009006175671586212
2024-02-13 00:00:00+00:00,0.08233299851417542,0.08295399695634842,0.08006200194358826,0.08108899742364883,419683385,0.0,0.0,0.0004953283443540709
2024-02-14 00:00:00+00:00,0.08108600229024887,0.08700300008058548,0.08056899905204773,0.08554299920797348,627015518,0.0,0.0,0.001866424251981821
2024-02-15 00:00:00+00:00,0.08554600179195404,0.08804800361394882,0.08416599780321121,0.08535599708557129,636946996,0.0,0.0,0.0021970682613881238
2024-02-16 00:00:00+00:00,0.0853549987077713,0.08788000047206879,0.08439300209283829,0.08601299673318863,441121282,0.0,0.0,0.002205716708623135
2024-02-17 00:00:00+00:00,0.08601599931716919,0.08605899661779404,0.08220499753952026,0.08359300345182419,347758664,0.0,0.0,0.0020250400846284944
2024-02-18 00:00:00+00:00,0.0835919976234436,0.08569999784231186,0.08301699906587601,0.08516599982976913,300251530,0.0,0.0,0.0009171821611804336
2024-02-19 00:00:00+00:00,0.0851690024137497,0.09053599834442139,0.08512099832296371,0.08947700262069702,663450017,0.0,0.0,0.0021772941645538863
2024-02-20 00:00:00+00:00,0.08947400003671646,0.09120800346136093,0.08356799930334091,0.08614300191402435,801458657,0.0,0.0,0.002154566130357304
2024-02-21 00:00:00+00:00,0.08614800125360489,0.08622200042009354,0.08217299729585648,0.08461499959230423,435393890,0.0,0.0,0.002253608625580249
2024-02-22 00:00:00+00:00,0.08460500091314316,0.08540699630975723,0.0831649973988533,0.0840890035033226,362895383,0.0,0.0,0.0021403077066847976
2024-02-23 00:00:00+00:00,0.08408299833536148,0.08548299968242645,0.08303599804639816,0.08443400263786316,400189069,0.0,0.0,0.002226205883943873
2024-02-24 00:00:00+00:00,0.08444800227880478,0.08631999790668488,0.08395499736070633,0.08615600317716599,326082311,0.0,0.0,0.0009878124788812348
2024-02-25 00:00:00+00:00,0.08615700155496597,0.08675900101661682,0.08546099811792374,0.08609899878501892,290853292,0.0,0.0,0.0009761843588878739
2024-02-26 00:00:00+00:00,0.08609800040721893,0.09002400189638138,0.08429200202226639,0.08938899636268616,523738048,0.0,0.0,0.0020986966995743717
2024-02-27 00:00:00+00:00,0.08938799798488617,0.09995699673891068,0.08863700181245804,0.09767100214958191,1806722811,0.0,0.0,0.005300402241676818
2024-02-28 00:00:00+00:00,0.09767299890518188,0.12111599743366241,0.09460700303316116,0.1165819987654686,3843947641,0.0,0.0,0.01286160435091417
2024-02-29 00:00:00+00:00,0.11644700169563293,0.13440899550914764,0.11181599646806717,0.11718499660491943,4799960277,0.0,0.0,0.01476438603904512
2024-03-01 00:00:00+00:00,0.11716700345277786,0.1452610045671463,0.11716700345277786,0.13955700397491455,3758449851,0.0,0.0,0.019518040017930977
2024-03-02 00:00:00+00:00,0.13961400091648102,0.15006400644779205,0.13692699372768402,0.14212100207805634,3588994520,0.0,0.0,0.018409239181893598
2024-03-03 00:00:00+00:00,0.1421310007572174,0.15575900673866272,0.12984000146389008,0.15383599698543549,4012808483,0.0,0.0,0.016403699718815674
2024-03-04 00:00:00+00:00,0.15394100546836853,0.18430699408054352,0.14878100156784058,0.1829099953174591,6348241494,0.0,0.0,0.024001675366069758
2024-03-05 00:00:00+00:00,0.18280400335788727,0.2054390013217926,0.1301030069589615,0.15393699705600739,9368269377,0.0,0.0,0.01720766225812242
2024-03-06 00:00:00+00:00,0.15392500162124634,0.17743299901485443,0.14696699380874634,0.15779100358486176,4497901224,0.0,0.0,0.015053822034914108
2024-03-07 00:00:00+00:00,0.15779100358486176,0.16204099357128143,0.14708200097084045,0.1581210047006607,3006036407,0.0,0.0,0.012240652689087504
2024-03-08 00:00:00+00:00,0.15812000632286072,0.1754949986934662,0.15549400448799133,0.16534699499607086,3976624455,0.0,0.0,0.011544079850703678
2024-03-09 00:00:00+00:00,0.16534699499607086,0.18454299867153168,0.1643189936876297,0.17908300459384918,3451219764,0.0,0.0,0.009964232492348525
2024-03-10 00:00:00+00:00,0.17908300459384918,0.17958800494670868,0.16595199704170227,0.16991999745368958,2274489696,0.0,0.0,0.008893962340923071
2024-03-11 00:00:00+00:00,0.16990700364112854,0.18250900506973267,0.16256700456142426,0.18196499347686768,2905703482,0.0,0.0,0.009804256931668877
2024-03-12 00:00:00+00:00,0.18197299540042877,0.18310800194740295,0.16010400652885437,0.16814400255680084,2524942571,0.0,0.0,0.007227570955632012
2024-03-13 00:00:00+00:00,0.16815200448036194,0.17385099828243256,0.16579200327396393,0.1691579967737198,1930415342,0.0,0.0,0.006384817838106301
2024-03-14 00:00:00+00:00,0.1691579967737198,0.19151200354099274,0.1656239926815033,0.17733000218868256,6047716785,0.0,0.0,0.006051609071563756
2024-03-15 00:00:00+00:00,0.17732900381088257,0.18105700612068176,0.15408200025558472,0.1632310003042221,3584306802,0.0,0.0,0.007542299972268549
2024-03-16 00:00:00+00:00,0.1632310003042221,0.16493600606918335,0.1384190022945404,0.14236800372600555,2400392026,0.0,0.0,0.013133836043557476
2024-03-17 00:00:00+00:00,0.1423639953136444,0.15876099467277527,0.13773199915885925,0.15433000028133392,2329294453,0.0,0.0,0.013504053529823002
2024-03-18 00:00:00+00:00,0.15432800352573395,0.1543319970369339,0.1401969939470291,0.14367300271987915,1657669949,0.0,0.0,0.014557280944172165
2024-03-19 00:00:00+00:00,0.14367300271987915,0.14501400291919708,0.12563000619411469,0.1287280023097992,2946516944,0.0,0.0,0.013058892611467598
2024-03-20 00:00:00+00:00,0.1287350058555603,0.15286800265312195,0.12345299869775772,0.15218600630760193,3190645446,0.0,0.0,0.010116738663006858
2024-03-21 00:00:00+00:00,0.15218600630760193,0.1587589979171753,0.14718900620937347,0.15529200434684753,2581283877,0.0,0.0,0.0111151988396411
2024-03-22 00:00:00+00:00,0.15530000627040863,0.164902001619339,0.14559100568294525,0.15270300209522247,2672448713,0.0,0.0,0.010862109754756382
2024-03-23 00:00:00+00:00,0.15270300209522247,0.17461900413036346,0.151855006814003,0.16176800429821014,2912614106,0.0,0.0,0.01255968046730459
2024-03-24 00:00:00+00:00,0.16176800429821014,0.17990000545978546,0.16171599924564362,0.17645299434661865,2848346890,0.0,0.0,0.010121586431594588
2024-03-25 00:00:00+00:00,0.17645299434661865,0.18599900603294373,0.1701660007238388,0.17536699771881104,2654389972,0.0,0.0,0.01109298968412563
2024-03-26 00:00:00+00:00,0.17536699771881104,0.18605700135231018,0.17492400109767914,0.18248599767684937,2877194654,0.0,0.0,0.012175782116554698
2024-03-27 00:00:00+00:00,0.18248599767684937,0.19128499925136566,0.1798429936170578,0.19032999873161316,4055908716,0.0,0.0,0.010516301658008436
2024-03-28 00:00:00+00:00,0.19031700491905212,0.22658100724220276,0.1895730048418045,0.22005599737167358,6553128323,0.0,0.0,0.018384390275193518
2024-03-29 00:00:00+00:00,0.22005599737167358,0.22439999878406525,0.2088100016117096,0.21349099278450012,3493454859,0.0,0.0,0.01952258451971961
2024-03-30 00:00:00+00:00,0.21342399716377258,0.21651600301265717,0.19784699380397797,0.19943399727344513,2403795719,0.0,0.0,0.015637282960545056
2024-03-31 00:00:00+00:00,0.199413001537323,0.22393299639225006,0.19933399558067322,0.22006399929523468,2414867092,0.0,0.0,0.013269941555546876
2024-04-01 00:00:00+00:00,0.22006499767303467,0.22006799280643463,0.1981080025434494,0.20556999742984772,3408206742,0.0,0.0,0.009096921753634444
2024-04-02 00:00:00+00:00,0.20557500422000885,0.20557700097560883,0.18046799302101135,0.1823039948940277,3855758084,0.0,0.0,0.014508721345321544
2024-04-03 00:00:00+00:00,0.18230199813842773,0.18740299344062805,0.17050600051879883,0.17554700374603271,3112605374,0.0,0.0,0.017934985072374378
2024-04-04 00:00:00+00:00,0.17554700374603271,0.18809999525547028,0.17226199805736542,0.17992599308490753,2153623709,0.0,0.0,0.019234741757959296
2024-04-05 00:00:00+00:00,0.17992599308490753,0.1804800033569336,0.16803699731826782,0.17751799523830414,1914940616,0.0,0.0,0.012227618805265251
2024-04-06 00:00:00+00:00,0.1775210052728653,0.1876859962940216,0.1767899990081787,0.18595099449157715,1620171667,0.0,0.0,0.00407453169860443
2024-04-07 00:00:00+00:00,0.18594899773597717,0.2048110067844391,0.18580299615859985,0.19910800457000732,2643420654,0.0,0.0,0.009504797978126754
2024-04-08 00:00:00+00:00,0.19910599291324615,0.20869000256061554,0.19588500261306763,0.20263999700546265,2106344172,0.0,0.0,0.011310257017662008
2024-04-09 00:00:00+00:00,0.20263999700546265,0.20324300229549408,0.18636099994182587,0.18900099396705627,2078490138,0.0,0.0,0.010153323262925082
2024-04-10 00:00:00+00:00,0.18900099396705627,0.20167599618434906,0.1817619949579239,0.19998399913311005,2662343295,0.0,0.0,0.00737209117756324
2024-04-11 00:00:00+00:00,0.19998399913311005,0.20311999320983887,0.19044199585914612,0.19401100277900696,2179869259,0.0,0.0,0.005432830633213397
2024-04-12 00:00:00+00:00,0.19401100277900696,0.20042799413204193,0.16251300275325775,0.17459699511528015,3611512055,0.0,0.0,0.011100063852660068
2024-04-13 00:00:00+00:00,0.17461200058460236,0.1755719929933548,0.13219499588012695,0.1531679928302765,4750917199,0.0,0.0,0.018726155695881937
2024-04-14 00:00:00+00:00,0.1531679928302765,0.16448600590229034,0.14448200166225433,0.1622850000858307,3723264167,0.0,0.0,0.020048230866739375
2024-04-15 00:00:00+00:00,0.1622850000858307,0.16888999938964844,0.1508840024471283,0.16136899590492249,3604719833,0.0,0.0,0.015896662660645572
2024-04-16 00:00:00+00:00,0.16136899590492249,0.1622370034456253,0.1469080001115799,0.15598900616168976,2473810383,0.0,0.0,0.00824554988547088
2024-04-17 00:00:00+00:00,0.15599000453948975,0.1585109978914261,0.14483599364757538,0.14760500192642212,1972027907,0.0,0.0,0.0060578277985904976
2024-04-18 00:00:00+00:00,0.1476060003042221,0.15371699631214142,0.14130699634552002,0.15244799852371216,1947482132,0.0,0.0,0.006152269667160323
2024-04-19 00:00:00+00:00,0.15244799852371216,0.15690599381923676,0.13964399695396423,0.15626800060272217,2186567402,0.0,0.0,0.005099013851834544
2024-04-20 00:00:00+00:00,0.15626800060272217,0.16484199464321136,0.15094199776649475,0.1628270000219345,1649509831,0.0,0.0,0.005591127835829518
2024-04-21 00:00:00+00:00,0.16282600164413452,0.16547800600528717,0.1556060016155243,0.15826000273227692,1293159346,0.0,0.0,0.005777897201026995
2024-04-22 00:00:00+00:00,0.15825900435447693,0.16336099803447723,0.15684300661087036,0.16119399666786194,1251987179,0.0,0.0,0.004098624355518137
2024-04-23 00:00:00+00:00,0.16119399666786194,0.16286799311637878,0.15716899931430817,0.15994399785995483,1047860346,0.0,0.0,0.0025456773324825997
2024-04-24 00:00:00+00:00,0.15994399785995483,0.1640940010547638,0.14952899515628815,0.15135399997234344,1524749099,0.0,0.0,0.004442852268661934
2024-04-25 00:00:00+00:00,0.15135599672794342,0.15418100357055664,0.14775300025939941,0.15139399468898773,1078441792,0.0,0.0,0.004730747239381952
2024-04-26 00:00:00+00:00,0.15139399468898773,0.15172700583934784,0.14706100523471832,0.14783699810504913,877813549,0.0,0.0,0.0058793310367275566
2024-04-27 00:00:00+00:00,0.14783699810504913,0.14936399459838867,0.14329899847507477,0.1477160006761551,847646783,0.0,0.0,0.004973904008675508
2024-04-28 00:00:00+00:00,0.1477160006761551,0.15095999836921692,0.1463010013103485,0.146698996424675,638063324,0.0,0.0,0.002211807607231214
2024-04-29 00:00:00+00:00,0.146698996424675,0.14794999361038208,0.13990500569343567,0.14349199831485748,1030579266,0.0,0.0,0.0028285549482596852
2024-04-30 00:00:00+00:00,0.14349199831485748,0.14590199291706085,0.12976199388504028,0.13332700729370117,1342359702,0.0,0.0,0.006119927048323415
2024-05-01 00:00:00+00:00,0.13332700729370117,0.13372400403022766,0.1203479990363121,0.1301340013742447,2135887034,0.0,0.0,0.008032741519405976
2024-05-02 00:00:00+00:00,0.1301340013742447,0.13425399363040924,0.12422700226306915,0.1321060061454773,1308884973,0.0,0.0,0.007427746065715323
2024-05-03 00:00:00+00:00,0.13210900127887726,0.1477620005607605,0.1314219981431961,0.1461459994316101,1266276714,0.0,0.0,0.007252084701840631
2024-05-04 00:00:00+00:00,0.14614200592041016,0.16909199953079224,0.14610600471496582,0.1601569950580597,2791346636,0.0,0.0,0.012723602785200287
2024-05-05 00:00:00+00:00,0.1601569950580597,0.1631300002336502,0.15497800707817078,0.16106800734996796,1506950274,0.0,0.0,0.01476676492401878
2024-05-06 00:00:00+00:00,0.1610659956932068,0.16894100606441498,0.15444500744342804,0.1566080003976822,1747675308,0.0,0.0,0.012216524419891921
2024-05-07 00:00:00+00:00,0.1566080003976822,0.15980200469493866,0.14973799884319305,0.15018999576568604,1139969527,0.0,0.0,0.006469009399483554
2024-05-08 00:00:00+00:00,0.15018999576568604,0.15192100405693054,0.14221100509166718,0.14329400658607483,1159774226,0.0,0.0,0.007474197429256523
2024-05-09 00:00:00+00:00,0.14329400658607483,0.1539829969406128,0.14315800368785858,0.15211699903011322,1093467705,0.0,0.0,0.006715630882904879
2024-05-10 00:00:00+00:00,0.15211699903011322,0.15304799377918243,0.14252500236034393,0.14403100311756134,1056928481,0.0,0.0,0.005611488469106812
2024-05-11 00:00:00+00:00,0.14403100311756134,0.1460369974374771,0.1427070051431656,0.1429239958524704,533516788,0.0,0.0,0.004310692075698547
2024-05-12 00:00:00+00:00,0.14292499423027039,0.14438900351524353,0.14001600444316864,0.1412310004234314,601107964,0.0,0.0,0.004260942258506552
2024-05-13 00:00:00+00:00,0.1412310004234314,0.1568250060081482,0.1360429972410202,0.14843399822711945,1918835792,0.0,0.0,0.004447052288087513
2024-05-14 00:00:00+00:00,0.14843299984931946,0.15476499497890472,0.1443610042333603,0.14541900157928467,1899294334,0.0,0.0,0.0027234402410615272
2024-05-15 00:00:00+00:00,0.14541900157928467,0.1569889932870865,0.1454000025987625,0.15552599728107452,1767635344,0.0,0.0,0.005628362714679524
2024-05-16 00:00:00+00:00,0.15552900731563568,0.15902499854564667,0.14906999468803406,0.14963699877262115,1374063837,0.0,0.0,0.005290970166234878
2024-05-17 00:00:00+00:00,0.14963699877262115,0.15636399388313293,0.1495169997215271,0.15556299686431885,1112782871,0.0,0.0,0.004496104512885187
2024-05-18 00:00:00+00:00,0.15556299686431885,0.1568720042705536,0.15165700018405914,0.15307700634002686,771261615,0.0,0.0,0.004331853085354289
2024-05-19 00:00:00+00:00,0.15307700634002686,0.15596400201320648,0.1479569971561432,0.14910699427127838,786457296,0.0,0.0,0.0031043191933425624
2024-05-20 00:00:00+00:00,0.14910699427127838,0.16594499349594116,0.14809900522232056,0.16568799316883087,1512244150,0.0,0.0,0.006726699075039376
2024-05-21 00:00:00+00:00,0.16568799316883087,0.17262999713420868,0.16090500354766846,0.17047399282455444,2792364765,0.0,0.0,0.008956982016133517
2024-05-22 00:00:00+00:00,0.17047399282455444,0.1740950047969818,0.1622440069913864,0.16616299748420715,1978486152,0.0,0.0,0.00925418226380686
2024-05-23 00:00:00+00:00,0.16616299748420715,0.1691419929265976,0.15340299904346466,0.1596129983663559,2243999960,0.0,0.0,0.008283256825685252
2024-05-24 00:00:00+00:00,0.1596129983663559,0.17270100116729736,0.15616099536418915,0.16380299627780914,3012763365,0.0,0.0,0.003941233626300893
2024-05-25 00:00:00+00:00,0.16380399465560913,0.17408600449562073,0.1629589945077896,0.17396000027656555,1489582490,0.0,0.0,0.005608132253924029
2024-05-26 00:00:00+00:00,0.17396099865436554,0.17454999685287476,0.1657080054283142,0.16621999442577362,1359410362,0.0,0.0,0.005221244293367466
2024-05-27 00:00:00+00:00,0.16621999442577362,0.17303599417209625,0.1643649935722351,0.16909000277519226,1404874711,0.0,0.0,0.005411465226464048
2024-05-28 00:00:00+00:00,0.16909000277519226,0.16933000087738037,0.16179600358009338,0.16496199369430542,1410223091,0.0,0.0,0.004060486328131676
2024-05-29 00:00:00+00:00,0.1649640053510666,0.17026899755001068,0.16222000122070312,0.16369499266147614,1525668595,0.0,0.0,0.004085988879193691
2024-05-30 00:00:00+00:00,0.16369600594043732,0.1654070019721985,0.15659500658512115,0.15954400599002838,1452218159,0.0,0.0,0.0035087546916161864
2024-05-31 00:00:00+00:00,0.15953899919986725,0.16222600638866425,0.1549070030450821,0.15913599729537964,945969518,0.0,0.0,0.00411970016763471
2024-06-01 00:00:00+00:00,0.15913599729537964,0.16132299602031708,0.15839099884033203,0.16019999980926514,496035603,0.0,0.0,0.002641379437427584
2024-06-02 00:00:00+00:00,0.16019999980926514,0.16119399666786194,0.1549600064754486,0.15720100700855255,585756299,0.0,0.0,0.0023702177493151945
2024-06-03 00:00:00+00:00,0.15720100700855255,0.16321100294589996,0.15602700412273407,0.15828199684619904,929987302,0.0,0.0,0.0011646018210766578
2024-06-04 00:00:00+00:00,0.15828199684619904,0.16174399852752686,0.15716299414634705,0.16144999861717224,760727969,0.0,0.0,0.00165006214714851
2024-06-05 00:00:00+00:00,0.16144999861717224,0.16472400724887848,0.16129200160503387,0.16323499381542206,820053785,0.0,0.0,0.0024169450385011816
2024-06-06 00:00:00+00:00,0.16323499381542206,0.16516999900341034,0.1586569994688034,0.16015900671482086,893170339,0.0,0.0,0.002416478559853828
2024-06-07 00:00:00+00:00,0.16015799343585968,0.16201899945735931,0.1431179940700531,0.14830300211906433,1581768204,0.0,0.0,0.005866682275860138
2024-06-08 00:00:00+00:00,0.14829599857330322,0.14858299493789673,0.1440100073814392,0.14605900645256042,872877278,0.0,0.0,0.008020068603684384
2024-06-09 00:00:00+00:00,0.1460449993610382,0.1490889936685562,0.1451999992132187,0.14677399396896362,656320138,0.0,0.0,0.008138867054748825
2024-06-10 00:00:00+00:00,0.1467670053243637,0.14781999588012695,0.1434669941663742,0.1447400003671646,752565082,0.0,0.0,0.006255939791344873
2024-06-11 00:00:00+00:00,0.1447419971227646,0.14504699409008026,0.13410300016403198,0.13810400664806366,1271975142,0.0,0.0,0.0039557749014827856
2024-06-12 00:00:00+00:00,0.13809700310230255,0.1503250002861023,0.13503000140190125,0.14619599282741547,1274848212,0.0,0.0,0.0035834915501908333
2024-06-13 00:00:00+00:00,0.14619700610637665,0.14635300636291504,0.14038099348545074,0.1410599946975708,790003626,0.0,0.0,0.0036917816429722413
2024-06-14 00:00:00+00:00,0.14104600250720978,0.14321300387382507,0.13216400146484375,0.13496999442577362,859600884,0.0,0.0,0.0046296951465854405
2024-06-15 00:00:00+00:00,0.13497500121593475,0.1372770071029663,0.1343580037355423,0.13656599819660187,476136328,0.0,0.0,0.004423659444806463
2024-06-16 00:00:00+00:00,0.13657599687576294,0.1373469978570938,0.13481900095939636,0.1369370073080063,385407083,0.0,0.0,0.004537093093013295
2024-06-17 00:00:00+00:00,0.13694000244140625,0.1380230039358139,0.12649500370025635,0.12888899445533752,960646592,0.0,0.0,0.0044139316556150564
2024-06-18 00:00:00+00:00,0.12886600196361542,0.12910300493240356,0.11539199948310852,0.12229599803686142,1413960450,0.0,0.0,0.006282234143653006
2024-06-19 00:00:00+00:00,0.12227900326251984,0.12650799751281738,0.12157899886369705,0.12234099954366684,642487745,0.0,0.0,0.007223491177135755
2024-06-20 00:00:00+00:00,0.12234099954366684,0.12826600670814514,0.12145400047302246,0.12441900372505188,734399819,0.0,0.0,0.006180717820956056
2024-06-21 00:00:00+00:00,0.12443000078201294,0.12549999356269836,0.12161699682474136,0.1240290030837059,598393023,0.0,0.0,0.0026905038097709893
2024-06-22 00:00:00+00:00,0.12403800338506699,0.1253650039434433,0.12295900285243988,0.1237889975309372,328642106,0.0,0.0,0.00099026003503623
2024-06-23 00:00:00+00:00,0.12378299981355667,0.12612000107765198,0.12182699888944626,0.12225700169801712,429188641,0.0,0.0,0.001000976398731257
2024-06-24 00:00:00+00:00,0.12224899977445602,0.12367500364780426,0.11473099887371063,0.11904300004243851,951099440,0.0,0.0,0.002206624170582602
2024-06-25 00:00:00+00:00,0.11903300136327744,0.12823599576950073,0.11889500170946121,0.12615300714969635,783244352,0.0,0.0,0.0026371397596016794
2024-06-26 00:00:00+00:00,0.1261499971151352,0.12852199375629425,0.12191999703645706,0.12267900258302689,526276880,0.0,0.0,0.002580894290677812
2024-06-27 00:00:00+00:00,0.12267199903726578,0.1281149983406067,0.12063000351190567,0.126910999417305,616932730,0.0,0.0,0.003190435954186391
2024-06-28 00:00:00+00:00,0.126910001039505,0.12797600030899048,0.12236099690198898,0.12278900295495987,634763078,0.0,0.0,0.0031510569962782077
2024-06-29 00:00:00+00:00,0.1227950006723404,0.12412100285291672,0.1213890016078949,0.12169899791479111,285391178,0.0,0.0,0.0023240504987641956
2024-06-30 00:00:00+00:00,0.12169899791479111,0.1253329962491989,0.12045200169086456,0.12430500239133835,369166834,0.0,0.0,0.002034094902175923
2024-07-01 00:00:00+00:00,0.12430399656295776,0.1272359937429428,0.12324800342321396,0.12344200164079666,452573746,0.0,0.0,0.0019680935540394478
2024-07-02 00:00:00+00:00,0.1234389990568161,0.1250939965248108,0.12246199697256088,0.1250160038471222,408063753,0.0,0.0,0.001292902384616272
2024-07-03 00:00:00+00:00,0.12501899898052216,0.1253259927034378,0.11704500019550323,0.11847099661827087,657681923,0.0,0.0,0.002613075317294288
2024-07-04 00:00:00+00:00,0.11844799667596817,0.11894799768924713,0.10443100333213806,0.10488700121641159,1239123198,0.0,0.0,0.008415342829006491
2024-07-05 00:00:00+00:00,0.10485299676656723,0.10641799867153168,0.09379500150680542,0.10559400171041489,1709690679,0.0,0.0,0.009659444415461111
2024-07-06 00:00:00+00:00,0.1055850014090538,0.11407899856567383,0.10493499785661697,0.1136149987578392,842720114,0.0,0.0,0.00857364502165985
2024-07-07 00:00:00+00:00,0.11357700079679489,0.11357700079679489,0.10373300313949585,0.10423199832439423,641031095,0.0,0.0,0.0063561414400986945
2024-07-08 00:00:00+00:00,0.10423500090837479,0.1110209971666336,0.0991630032658577,0.1075809970498085,1023119021,0.0,0.0,0.003809000503196684
2024-07-09 00:00:00+00:00,0.10756999999284744,0.1092199981212616,0.10613799840211868,0.10751300305128098,572733013,0.0,0.0,0.003588117866634563
2024-07-10 00:00:00+00:00,0.1075190007686615,0.11043000221252441,0.1059039980173111,0.10802199691534042,552090147,0.0,0.0,0.003389461222514003
2024-07-11 00:00:00+00:00,0.108024001121521,0.11217900365591049,0.10631100088357925,0.10666699707508087,546104180,0.0,0.0,0.001518542363048264
2024-07-12 00:00:00+00:00,0.10666400194168091,0.10826600342988968,0.10503199696540833,0.10768499970436096,468503073,0.0,0.0,0.0005017779053425176
2024-07-13 00:00:00+00:00,0.10768499970436096,0.11288899928331375,0.10744699835777283,0.11235599964857101,497448463,0.0,0.0,0.002240663866442359
2024-07-14 00:00:00+00:00,0.11235000193119049,0.11649499833583832,0.11134999990463257,0.11544899642467499,551768272,0.0,0.0,0.0037288242108613947
2024-07-15 00:00:00+00:00,0.1154709979891777,0.12535199522972107,0.11478900164365768,0.12522800266742706,865334768,0.0,0.0,0.007469184738624358
2024-07-16 00:00:00+00:00,0.1251640021800995,0.12725700438022614,0.11937099695205688,0.12493100017309189,1023424280,0.0,0.0,0.007766243198323127
2024-07-17 00:00:00+00:00,0.12493299692869186,0.12750600278377533,0.1206429973244667,0.12188400328159332,731025036,0.0,0.0,0.005795127203337581
2024-07-18 00:00:00+00:00,0.12187899649143219,0.1238429993391037,0.11757300049066544,0.11949600279331207,710080580,0.0,0.0,0.004074170037045204
2024-07-19 00:00:00+00:00,0.11950100213289261,0.1260560005903244,0.11790800094604492,0.12547999620437622,724349409,0.0,0.0,0.002624466969380459
2024-07-20 00:00:00+00:00,0.12547500431537628,0.1356460005044937,0.12448500096797943,0.13443000614643097,1109519614,0.0,0.0,0.005675945332161227
2024-07-21 00:00:00+00:00,0.13443000614643097,0.1430869996547699,0.1264050006866455,0.14016899466514587,1229665449,0.0,0.0,0.008733233589005495
2024-07-22 00:00:00+00:00,0.1401669979095459,0.14246900379657745,0.1362140029668808,0.13788099586963654,1468393831,0.0,0.0,0.00872911106831916
2024-07-23 00:00:00+00:00,0.13788199424743652,0.13920199871063232,0.12848900258541107,0.13039100170135498,963364309,0.0,0.0,0.005881645582473268
2024-07-24 00:00:00+00:00,0.13038599491119385,0.13462699949741364,0.1272439956665039,0.12808799743652344,734879689,0.0,0.0,0.0050273312462644935
2024-07-25 00:00:00+00:00,0.12808899581432343,0.12864099442958832,0.12032300233840942,0.12522099912166595,970420635,0.0,0.0,0.006413922095565847
2024-07-26 00:00:00+00:00,0.12522199749946594,0.1348779946565628,0.12520000338554382,0.13431799411773682,752603628,0.0,0.0,0.005011063813176349
2024-07-27 00:00:00+00:00,0.13431799411773682,0.1386670023202896,0.13134099543094635,0.1315920054912567,1193072781,0.0,0.0,0.003456754976882616
2024-07-28 00:00:00+00:00,0.13159699738025665,0.13179999589920044,0.1283240020275116,0.13007499277591705,755293791,0.0,0.0,0.0034489161876161975
2024-07-29 00:00:00+00:00,0.13007600605487823,0.1349489986896515,0.12795500457286835,0.1286740005016327,809333955,0.0,0.0,0.0033830246186884252
2024-07-30 00:00:00+00:00,0.12866200506687164,0.13030600547790527,0.12366200238466263,0.12559500336647034,638122391,0.0,0.0,0.003253250136141077
2024-07-31 00:00:00+00:00,0.12559300661087036,0.12720100581645966,0.12154299765825272,0.12201400101184845,609802169,0.0,0.0,0.0038222398675255296
2024-08-01 00:00:00+00:00,0.12202099710702896,0.12293200194835663,0.11282800137996674,0.11923599988222122,861079384,0.0,0.0,0.004518771433356107
2024-08-02 00:00:00+00:00,0.11923500150442123,0.11951299756765366,0.11056700348854065,0.11150799691677094,826720039,0.0,0.0,0.00658446295219332
2024-08-03 00:00:00+00:00,0.11150699853897095,0.11449699848890305,0.10541799664497375,0.10816899687051773,808239471,0.0,0.0,0.007274946787045062
2024-08-04 00:00:00+00:00,0.10816899687051773,0.10921400040388107,0.0996059998869896,0.10373300313949585,827323034,0.0,0.0,0.007608526199703975
2024-08-05 00:00:00+00:00,0.10373199731111526,0.10416600108146667,0.08083099871873856,0.0945030003786087,3194029250,0.0,0.0,0.009183312491194764
2024-08-06 00:00:00+00:00,0.09450200200080872,0.10138799995183945,0.09436699748039246,0.09637100249528885,1124169389,0.0,0.0,0.00734305646532866
2024-08-07 00:00:00+00:00,0.09637100249528885,0.10184700042009354,0.09459400177001953,0.09551499783992767,1000135339,0.0,0.0,0.005991359585007758
2024-08-08 00:00:00+00:00,0.09551499783992767,0.10777200013399124,0.09397699683904648,0.10740400105714798,858015369,0.0,0.0,0.005723466734763043
2024-08-09 00:00:00+00:00,0.10740900039672852,0.10758200287818909,0.10177399963140488,0.10397399961948395,602450305,0.0,0.0,0.00576880663947254
2024-08-10 00:00:00+00:00,0.10397399961948395,0.10585899651050568,0.1031159982085228,0.10520199686288834,371267774,0.0,0.0,0.005399604597872153
2024-08-11 00:00:00+00:00,0.10520300269126892,0.11079400032758713,0.10029900074005127,0.10056599974632263,676944256,0.0,0.0,0.004638106202027351
2024-08-12 00:00:00+00:00,0.10056599974632263,0.10853499919176102,0.10047099739313126,0.1077670007944107,778786434,0.0,0.0,0.0029235183587278304
2024-08-13 00:00:00+00:00,0.1077670007944107,0.10884299874305725,0.10357200354337692,0.1064160019159317,575505923,0.0,0.0,0.0027470014165004563
2024-08-14 00:00:00+00:00,0.1064160019159317,0.10673999786376953,0.10180500149726868,0.10255499929189682,564943505,0.0,0.0,0.0029196119468957054
2024-08-15 00:00:00+00:00,0.10255499929189682,0.10479799658060074,0.09819500148296356,0.10026700049638748,617034813,0.0,0.0,0.0034155169559933487
2024-08-16 00:00:00+00:00,0.10026700049638748,0.1020279973745346,0.09774199873209,0.10043899714946747,539609334,0.0,0.0,0.0034432828203974377
2024-08-17 00:00:00+00:00,0.10043899714946747,0.10363099724054337,0.10015600174665451,0.10275500267744064,305545333,0.0,0.0,0.0024817441985362123
2024-08-18 00:00:00+00:00,0.10275500267744064,0.10430599749088287,0.10016900300979614,0.1001719981431961,377630490,0.0,0.0,0.001299364172038237
2024-08-19 00:00:00+00:00,0.1001719981431961,0.10180699825286865,0.0987119972705841,0.10150399804115295,463249309,0.0,0.0,0.0011031652596232707
2024-08-20 00:00:00+00:00,0.10150600224733353,0.10561899840831757,0.1012289971113205,0.10300099849700928,695089222,0.0,0.0,0.001293235553584309
2024-08-21 00:00:00+00:00,0.10300000011920929,0.10782500356435776,0.10246200114488602,0.10615699738264084,509933481,0.0,0.0,0.0022284572216042177
2024-08-22 00:00:00+00:00,0.10615699738264084,0.10682199895381927,0.10427399724721909,0.10530800372362137,391690266,0.0,0.0,0.002513379206686543
2024-08-23 00:00:00+00:00,0.10530800372362137,0.11523900181055069,0.10530500113964081,0.11292699724435806,860650259,0.0,0.0,0.004400327187319219
2024-08-24 00:00:00+00:00,0.11292699724435806,0.11494699865579605,0.1112470030784607,0.11263100057840347,673199379,0.0,0.0,0.004509846772738638
2024-08-25 00:00:00+00:00,0.11263100057840347,0.11275800317525864,0.1081169992685318,0.10969799757003784,584876309,0.0,0.0,0.0035430850879737187
2024-08-26 00:00:00+00:00,0.10969900339841843,0.11029200255870819,0.10463900119066238,0.10529199987649918,560759055,0.0,0.0,0.0037525400641045294
2024-08-27 00:00:00+00:00,0.10529199987649918,0.1064779981970787,0.0973920002579689,0.09905599802732468,615156838,0.0,0.0,0.005828844989472917
2024-08-28 00:00:00+00:00,0.09905599802732468,0.10175800323486328,0.09729199856519699,0.09962700307369232,657073357,0.0,0.0,0.006005180838258105
2024-08-29 00:00:00+00:00,0.09962700307369232,0.10249199718236923,0.09853500127792358,0.10042499750852585,461885564,0.0,0.0,0.004569371136042119
2024-08-30 00:00:00+00:00,0.10042499750852585,0.10238199681043625,0.09727499634027481,0.10204300284385681,572514236,0.0,0.0,0.0025043741433320014
2024-08-31 00:00:00+00:00,0.10204300284385681,0.10224100202322006,0.10047399997711182,0.10133200138807297,303734469,0.0,0.0,0.0012171603231891873
2024-09-01 00:00:00+00:00,0.10133200138807297,0.1014610007405281,0.09434299916028976,0.09535399824380875,424515197,0.0,0.0,0.0026246894824298434
2024-09-02 00:00:00+00:00,0.09535399824380875,0.09973999857902527,0.09416700154542923,0.09911499917507172,463950026,0.0,0.0,0.002640927734559698
2024-09-03 00:00:00+00:00,0.09911499917507172,0.10070600360631943,0.0967010036110878,0.09671899676322937,395659305,0.0,0.0,0.002879645468067264
2024-09-04 00:00:00+00:00,0.09671500325202942,0.09945599734783173,0.09297899901866913,0.09802500158548355,579587111,0.0,0.0,0.0022874096537487815
2024-09-05 00:00:00+00:00,0.09802500158548355,0.09909900277853012,0.09622500091791153,0.0983090028166771,452927311,0.0,0.0,0.0014793180323642422
2024-09-06 00:00:00+00:00,0.0983090028166771,0.09937900304794312,0.08937299996614456,0.0924839973449707,802922234,0.0,0.0,0.002630891474955904
2024-09-07 00:00:00+00:00,0.0924839973449707,0.09561800211668015,0.09181199967861176,0.09526100009679794,412044016,0.0,0.0,0.002383805620529183
2024-09-08 00:00:00+00:00,0.09526100009679794,0.096902996301651,0.09404700249433517,0.0960799977183342,381739751,0.0,0.0,0.0023633590723013236
2024-09-09 00:00:00+00:00,0.0960799977183342,0.10461899638175964,0.09583199769258499,0.10382899641990662,698093518,0.0,0.0,0.004255232475358794
2024-09-10 00:00:00+00:00,0.10382899641990662,0.1045209988951683,0.10166099667549133,0.1027119979262352,465166360,0.0,0.0,0.0049438888685432525
2024-09-11 00:00:00+00:00,0.1027119979262352,0.10296999663114548,0.0980909988284111,0.10137800127267838,532198021,0.0,0.0,0.0039252404343657135
2024-09-12 00:00:00+00:00,0.10137800127267838,0.10320699959993362,0.10063599795103073,0.10279899835586548,439730013,0.0,0.0,0.003077064563662582
2024-09-13 00:00:00+00:00,0.10279899835586548,0.10829000174999237,0.1018650010228157,0.10711400210857391,675630464,0.0,0.0,0.0021657813126743286
2024-09-14 00:00:00+00:00,0.10711299628019333,0.1075579971075058,0.10464300215244293,0.10546699911355972,426157956,0.0,0.0,0.0023328709184930897
2024-09-15 00:00:00+00:00,0.10546699911355972,0.10635899752378464,0.10257700085639954,0.10293299704790115,428890116,0.0,0.0,0.002306825559439131
2024-09-16 00:00:00+00:00,0.10293799638748169,0.10313200205564499,0.09845799952745438,0.09969300031661987,528755469,0.0,0.0,0.002836592692579236
2024-09-17 00:00:00+00:00,0.09969600290060043,0.10246700048446655,0.0988439992070198,0.10113699734210968,480290242,0.0,0.0,0.003043901615078843
2024-09-18 00:00:00+00:00,0.10113699734210968,0.1035899966955185,0.09957800060510635,0.10358499735593796,549512848,0.0,0.0,0.0022296282776199374
2024-09-19 00:00:00+00:00,0.10358499735593796,0.10707399994134903,0.10358499735593796,0.10503099858760834,656532122,0.0,0.0,0.002091934175094894
2024-09-20 00:00:00+00:00,0.10503099858760834,0.10729599744081497,0.10374800115823746,0.10547100007534027,595150523,0.0,0.0,0.002498933089386461
2024-09-21 00:00:00+00:00,0.10547100007534027,0.11037299782037735,0.10415200144052505,0.11004900187253952,502306053,0.0,0.0,0.003264404181101548
2024-09-22 00:00:00+00:00,0.11004900187253952,0.11005000025033951,0.10401999950408936,0.1063390001654625,480950368,0.0,0.0,0.0024246265214221087
2024-09-23 00:00:00+00:00,0.1063390001654625,0.10908400267362595,0.10471999645233154,0.1081560030579567,644419670,0.0,0.0,0.0020787051457851155
2024-09-24 00:00:00+00:00,0.1081560030579567,0.11046800017356873,0.1069829985499382,0.10977499932050705,708492630,0.0,0.0,0.00203219768121427
2024-09-25 00:00:00+00:00,0.10977499932050705,0.11088400334119797,0.10817000269889832,0.10850399732589722,696620734,0.0,0.0,0.0014826019528963858
2024-09-26 00:00:00+00:00,0.10850399732589722,0.12016300112009048,0.10714499652385712,0.11817599833011627,1347684388,0.0,0.0,0.0046302900339915964
2024-09-27 00:00:00+00:00,0.11817599833011627,0.12807999551296234,0.11717300117015839,0.12371399998664856,1367867354,0.0,0.0,0.006954290184159084
2024-09-28 00:00:00+00:00,0.12371399998664856,0.1319500058889389,0.12061599642038345,0.12867100536823273,1449764972,0.0,0.0,0.008719327811627308
2024-09-29 00:00:00+00:00,0.12867000699043274,0.13030199706554413,0.12464199960231781,0.1246739998459816,856945778,0.0,0.0,0.007802490606372947
2024-09-30 00:00:00+00:00,0.12466900050640106,0.12466900050640106,0.1137389987707138,0.11442799866199493,976744755,0.0,0.0,0.005624185791809428
2024-10-01 00:00:00+00:00,0.11442700028419495,0.11927399784326553,0.10395500063896179,0.10704299807548523,1332235464,0.0,0.0,0.008793823450003622
2024-10-02 00:00:00+00:00,0.10704299807548523,0.10941100120544434,0.10250899940729141,0.10475900024175644,910153432,0.0,0.0,0.01054532684403425
2024-10-03 00:00:00+00:00,0.10475800186395645,0.10663799941539764,0.10152900218963623,0.10509900003671646,825842052,0.0,0.0,0.008484662469026292
2024-10-04 00:00:00+00:00,0.10509900003671646,0.11043699830770493,0.10495900362730026,0.10926400125026703,670077063,0.0,0.0,0.003958606745875555
2024-10-05 00:00:00+00:00,0.10926400125026703,0.11006300151348114,0.10772699862718582,0.10948699712753296,391880787,0.0,0.0,0.0022284280354808415
2024-10-06 00:00:00+00:00,0.10948699712753296,0.11265599727630615,0.10851199924945831,0.1114799976348877,435305366,0.0,0.0,0.002951166689155636
2024-10-07 00:00:00+00:00,0.1114799976348877,0.11520899832248688,0.10865499824285507,0.10865499824285507,849108258,0.0,0.0,0.002323146074832367
2024-10-08 00:00:00+00:00,0.10865200310945511,0.10970400273799896,0.1053519994020462,0.10704399645328522,615072081,0.0,0.0,0.0015991599884710387
2024-10-09 00:00:00+00:00,0.10704399645328522,0.11113200336694717,0.1063769981265068,0.10793899744749069,667785123,0.0,0.0,0.0016901959876016322
2024-10-10 00:00:00+00:00,0.10793700069189072,0.10845000296831131,0.10330799967050552,0.10598000138998032,749185963,0.0,0.0,0.002079443903605592
2024-10-11 00:00:00+00:00,0.10598000138998032,0.11134400218725204,0.1057019978761673,0.11073300242424011,650490847,0.0,0.0,0.0017938606268174083
2024-10-12 00:00:00+00:00,0.11073300242424011,0.11205799877643585,0.10945700109004974,0.11141599714756012,519024338,0.0,0.0,0.0023558169939189182
2024-10-13 00:00:00+00:00,0.11141599714756012,0.11200500279664993,0.10879900306463242,0.11133600026369095,573648913,0.0,0.0,0.0024180318933191263
2024-10-14 00:00:00+00:00,0.11133600026369095,0.11745599657297134,0.1094290018081665,0.11665400117635727,1038038455,0.0,0.0,0.003784009764166416
2024-10-15 00:00:00+00:00,0.11665400117635727,0.11879199743270874,0.11051200330257416,0.11752700060606003,1367247373,0.0,0.0,0.0032726588703309418
2024-10-16 00:00:00+00:00,0.11752499639987946,0.12944400310516357,0.11593099683523178,0.12577299773693085,2270276586,0.0,0.0,0.005907038703306059
2024-10-17 00:00:00+00:00,0.12577299773693085,0.13064900040626526,0.12076199799776077,0.12965799868106842,1557107117,0.0,0.0,0.007395962187868881
2024-10-18 00:00:00+00:00,0.1296599954366684,0.14052699506282806,0.12964700162410736,0.13721300661563873,2216997635,0.0,0.0,0.00860649893391785
2024-10-19 00:00:00+00:00,0.13721300661563873,0.14654399454593658,0.13718999922275543,0.14452700316905975,1898579280,0.0,0.0,0.010394797482773057
2024-10-20 00:00:00+00:00,0.14452600479125977,0.1452459990978241,0.13757699728012085,0.14208300411701202,1456913937,0.0,0.0,0.007998208597552525
2024-10-21 00:00:00+00:00,0.142084002494812,0.1495330035686493,0.13843299448490143,0.14369000494480133,2075196142,0.0,0.0,0.006155739098114579
2024-10-22 00:00:00+00:00,0.14369000494480133,0.14788299798965454,0.13684800267219543,0.13950799405574799,1647303198,0.0,0.0,0.0030248668514388614
2024-10-23 00:00:00+00:00,0.13951100409030914,0.14060400426387787,0.1332789957523346,0.138496994972229,1430747359,0.0,0.0,0.0026055366586178316
2024-10-24 00:00:00+00:00,0.13990099728107452,0.14350199699401855,0.13644999265670776,0.14198699593544006,1349772912,0.0,0.0,0.00210696809610965
2024-10-25 00:00:00+00:00,0.14198799431324005,0.14239999651908875,0.12854799628257751,0.13101300597190857,1458877964,0.0,0.0,0.004878596909495911
2024-10-26 00:00:00+00:00,0.13101300597190857,0.13783100247383118,0.130839005112648,0.13735699653625488,947921669,0.0,0.0,0.004096099017911031
2024-10-27 00:00:00+00:00,0.13735699653625488,0.14585700631141663,0.13605700433254242,0.14431199431419373,1129296560,0.0,0.0,0.005079647038812981
2024-10-28 00:00:00+00:00,0.14431099593639374,0.16200999915599823,0.1411760002374649,0.1611499935388565,3078140199,0.0,0.0,0.011264625359797139
2024-10-29 00:00:00+00:00,0.16115200519561768,0.17922699451446533,0.16082599759101868,0.17583900690078735,3785378330,0.0,0.0,0.018334802101904236
2024-10-30 00:00:00+00:00,0.17583900690078735,0.17753499746322632,0.1652500033378601,0.16814599931240082,2319205433,0.0,0.0,0.016144241426848446
2024-10-31 00:00:00+00:00,0.16814599931240082,0.17299699783325195,0.1565459966659546,0.16137200593948364,2213630995,0.0,0.0,0.011652678876671853
2024-11-01 00:00:00+00:00,0.16137200593948364,0.16824199259281158,0.15442000329494476,0.1591850072145462,2406203136,0.0,0.0,0.006875402490861389
2024-11-02 00:00:00+00:00,0.15918900072574615,0.16329799592494965,0.15603500604629517,0.15931600332260132,1342216649,0.0,0.0,0.007183398569971003
2024-11-03 00:00:00+00:00,0.15931600332260132,0.1596270054578781,0.1428229957818985,0.15145400166511536,2214868458,0.0,0.0,0.005965532566539374
2024-11-04 00:00:00+00:00,0.15145400166511536,0.15989400446414948,0.14858099818229675,0.1583459973335266,2541759238,0.0,0.0,0.0037899523571797975
2024-11-05 00:00:00+00:00,0.15834499895572662,0.17883999645709991,0.15817900002002716,0.17017999291419983,4095671194,0.0,0.0,0.00670955777375367
2024-11-06 00:00:00+00:00,0.17018799483776093,0.2133360058069229,0.16969400644302368,0.19665800034999847,12194137333,0.0,0.0,0.01778440995294261
2024-11-07 00:00:00+00:00,0.19665800034999847,0.20347799360752106,0.18625499308109283,0.19315899908542633,4338342915,0.0,0.0,0.020300284960115086
2024-11-08 00:00:00+00:00,0.19315899908542633,0.20656399428844452,0.1912889927625656,0.20213200151920319,4089504352,0.0,0.0,0.018854422833478046
2024-11-09 00:00:00+00:00,0.2021310031414032,0.2197369933128357,0.19782499969005585,0.21876099705696106,4290391407,0.0,0.0,0.01754054609652218
2024-11-10 00:00:00+00:00,0.21879400312900543,0.29661399126052856,0.21730199456214905,0.27909499406814575,14901681717,0.0,0.0,0.03555811954524155
2024-11-11 00:00:00+00:00,0.27909499406814575,0.34960201382637024,0.2761420011520386,0.3495210111141205,19590715363,0.0,0.0,0.06564738887599818
2024-11-12 00:00:00+00:00,0.3495210111141205,0.4358629882335663,0.33343198895454407,0.3822210133075714,39936467957,0.0,0.0,0.07889139283843674
2024-11-13 00:00:00+00:00,0.38221800327301025,0.43162399530410767,0.3566089868545532,0.399522989988327,28286313456,0.0,0.0,0.07553111803325646
2024-11-14 00:00:00+00:00,0.399522989988327,0.41470399498939514,0.35580798983573914,0.36164599657058716,15564516841,0.0,0.0,0.046252691589194844
2024-11-15 00:00:00+00:00,0.3617129921913147,0.38424599170684814,0.3544690012931824,0.37918901443481445,11623194182,0.0,0.0,0.01934485865037589
2024-11-16 00:00:00+00:00,0.37918999791145325,0.3898789882659912,0.3613030016422272,0.3637480139732361,7524229950,0.0,0.0,0.015413826555430875
2024-11-17 00:00:00+00:00,0.36375001072883606,0.37355801463127136,0.3416990041732788,0.3665600121021271,7832273719,0.0,0.0,0.015742761896225525
2024-11-18 00:00:00+00:00,0.36656999588012695,0.3799059987068176,0.3592349886894226,0.37174099683761597,8396330143,0.0,0.0,0.007036545333682347
2024-11-19 00:00:00+00:00,0.3717400133609772,0.4183340072631836,0.3680199980735779,0.3913559913635254,12889618537,0.0,0.0,0.011094708679428746
2024-11-20 00:00:00+00:00,0.3913399875164032,0.39559900760650635,0.36656901240348816,0.37749698758125305,8029529786,0.0,0.0,0.01094139353081957
2024-11-21 00:00:00+00:00,0.37749698758125305,0.3949440121650696,0.37001198530197144,0.38761699199676514,8052510566,0.0,0.0,0.010447703763824163
2024-11-22 00:00:00+00:00,0.3876259922981262,0.41919198632240295,0.38152000308036804,0.41292399168014526,13591947495,0.0,0.0,0.01586683302948684
2024-11-23 00:00:00+00:00,0.41292399168014526,0.47745999693870544,0.40556600689888,0.4300119876861572,20873625275,0.0,0.0,0.02122570215121911
2024-11-24 00:00:00+00:00,0.4300119876861572,0.45242801308631897,0.400967001914978,0.4298819899559021,12213185937,0.0,0.0,0.024148706979876703
2024-11-25 00:00:00+00:00,0.4298950135707855,0.4370419979095459,0.3815149962902069,0.39333999156951904,9773285006,0.0,0.0,0.01987478161777863
2024-11-26 00:00:00+00:00,0.3933109939098358,0.40837201476097107,0.3673189878463745,0.3876180052757263,8847260920,0.0,0.0,0.019874486708746846
2024-11-27 00:00:00+00:00,0.38761499524116516,0.408051997423172,0.38169100880622864,0.40152499079704285,6388400976,0.0,0.0,0.02021439087527501
2024-11-28 00:00:00+00:00,0.40151500701904297,0.4273050129413605,0.39225900173187256,0.4020180106163025,5955119388,0.0,0.0,0.016245204855230167
2024-11-29 00:00:00+00:00,0.4020189940929413,0.43708598613739014,0.3999919891357422,0.42583900690078735,6768739922,0.0,0.0,0.014580282967970242
2024-11-30 00:00:00+00:00,0.42583900690078735,0.43470099568367004,0.4153609871864319,0.42197099328041077,5601447294,0.0,0.0,0.015861452527911653
2024-12-01 00:00:00+00:00,0.421968013048172,0.4492810070514679,0.41769400238990784,0.4400230050086975,8333397829,0.0,0.0,0.01649774833500377
2024-12-02 00:00:00+00:00,0.4400489926338196,0.4602450132369995,0.40511199831962585,0.42467001080513,13072433718,0.0,0.0,0.013618814614562151
2024-12-03 00:00:00+00:00,0.42467200756073,0.4280489981174469,0.3914720118045807,0.4078820049762726,9362620939,0.0,0.0,0.011450377002442377
2024-12-04 00:00:00+00:00,0.4078510105609894,0.43562600016593933,0.40195900201797485,0.4319570064544678,8065078709,0.0,0.0,0.011999461783425463
2024-12-05 00:00:00+00:00,0.43190300464630127,0.46340399980545044,0.40901100635528564,0.4305860102176666,15284058219,0.0,0.0,0.012020335254625569
2024-12-06 00:00:00+00:00,0.4278939962387085,0.44178199768066406,0.4212599992752075,0.43570899963378906,6668459793,0.0,0.0,0.010962246700868563
2024-12-07 00:00:00+00:00,0.4357120096683502,0.4660390019416809,0.43212801218032837,0.4538869857788086,8127914572,0.0,0.0,0.016404844071340092
2024-12-08 00:00:00+00:00,0.45389100909233093,0.48350998759269714,0.4482400119304657,0.4672969877719879,8171222257,0.0,0.0,0.016079085857418567
2024-12-09 00:00:00+00:00,0.4672990143299103,0.4672990143299103,0.3847210109233856,0.41471898555755615,11830538830,0.0,0.0,0.020513247432689567
2024-12-10 00:00:00+00:00,0.4147219955921173,0.42240700125694275,0.3668400049209595,0.39452001452445984,11257345383,0.0,0.0,0.02930246031786096
2024-12-11 00:00:00+00:00,0.39451199769973755,0.41878798604011536,0.3766329884529114,0.41449201107025146,6670843571,0.0,0.0,0.03036987982659266
2024-12-12 00:00:00+00:00,0.41449499130249023,0.4233590066432953,0.40174400806427,0.40654799342155457,5601004925,0.0,0.0,0.027947464491854455
2024-12-13 00:00:00+00:00,0.40654799342155457,0.4116869866847992,0.39986199140548706,0.40908101201057434,3815608761,0.0,0.0,0.008249181435089278
2024-12-14 00:00:00+00:00,0.40908101201057434,0.41275399923324585,0.388139009475708,0.39797601103782654,3165759137,0.0,0.0,0.0081728213553422
2024-12-15 00:00:00+00:00,0.3979719877243042,0.40983501076698303,0.3929089903831482,0.4062719941139221,2654366167,0.0,0.0,0.005969671126554543
2024-12-16 00:00:00+00:00,0.4062950015068054,0.41359400749206543,0.3927359879016876,0.4019339978694916,3891164219,0.0,0.0,0.004398061171629864
2024-12-17 00:00:00+00:00,0.40193501114845276,0.4098989963531494,0.3915959894657135,0.394336998462677,3618256203,0.0,0.0,0.0059849206964733
2024-12-18 00:00:00+00:00,0.39434099197387695,0.3961629867553711,0.3564940094947815,0.358038991689682,5749656033,0.0,0.0,0.01934219873821014
2024-12-19 00:00:00+00:00,0.3580470085144043,0.36703601479530334,0.3027690052986145,0.31506600975990295,9565836573,0.0,0.0,0.03859071253858845
2024-12-20 00:00:00+00:00,0.3150539994239807,0.3280569911003113,0.26444000005722046,0.3177129924297333,11414899319,0.0,0.0,0.04097331707261034
2024-12-21 00:00:00+00:00,0.3177190124988556,0.34940600395202637,0.3152489960193634,0.32095101475715637,6875286934,0.0,0.0,0.03446641979190341
2024-12-22 00:00:00+00:00,0.3209039866924286,0.3240320086479187,0.30571800470352173,0.31219199299812317,4115525341,0.0,0.0,0.01886519967179357
2024-12-23 00:00:00+00:00,0.3121989965438843,0.32788199186325073,0.30327799916267395,0.3242189884185791,4390431993,0.0,0.0,0.00473824720619047
2024-12-24 00:00:00+00:00,0.3242180049419403,0.3394339978694916,0.3163929879665375,0.3369239866733551,3138423654,0.0,0.0,0.00925372779874117
2024-12-25 00:00:00+00:00,0.33692601323127747,0.3413659930229187,0.326898992061615,0.33431899547576904,2538802504,0.0,0.0,0.01009300828629789
2024-12-26 00:00:00+00:00,0.33430400490760803,0.3373810052871704,0.3089979887008667,0.31225600838661194,2514756816,0.0,0.0,0.011735712616318767
2024-12-27 00:00:00+00:00,0.31225499510765076,0.3238469958305359,0.30976399779319763,0.31103599071502686,2157162506,0.0,0.0,0.012033655019659207
2024-12-28 00:00:00+00:00,0.311055988073349,0.3258579969406128,0.311055988073349,0.32391899824142456,1410132054,0.0,0.0,0.012031484741304438
2024-12-29 00:00:00+00:00,0.3239170014858246,0.3289330005645752,0.31166699528694153,0.31431999802589417,1654780626,0.0,0.0,0.009868294615190057
2024-12-30 00:00:00+00:00,0.31431999802589417,0.3224799931049347,0.30654698610305786,0.31351399421691895,2526977895,0.0,0.0,0.005134724926317638
2024-12-31 00:00:00+00:00,0.3135179877281189,0.32786598801612854,0.3094030022621155,0.31568101048469543,2204579838,0.0,0.0,0.004898676401257003
2025-01-01 00:00:00+00:00,0.31568199396133423,0.3264780044555664,0.311722993850708,0.32430601119995117,1532271286,0.0,0.0,0.0053206945917254
2025-01-02 00:00:00+00:00,0.32430601119995117,0.3441779911518097,0.32429200410842896,0.3386099934577942,3205163576,0.0,0.0,0.01060172605796711
2025-01-03 00:00:00+00:00,0.3386099934577942,0.3877969980239868,0.33588600158691406,0.3792789876461029,4823481336,0.0,0.0,0.027019842580331285
2025-01-04 00:00:00+00:00,0.37928301095962524,0.3979969918727875,0.378042995929718,0.39474600553512573,4431717187,0.0,0.0,0.034733972902046384
2025-01-05 00:00:00+00:00,0.39474600553512573,0.3973050117492676,0.37631601095199585,0.3825629949569702,2594267525,0.0,0.0,0.03059234003827837
2025-01-06 00:00:00+00:00,0.3824940025806427,0.3937020003795624,0.3765510022640228,0.38795700669288635,2937148475,0.0,0.0,0.022046707205219992
2025-01-07 00:00:00+00:00,0.3879519999027252,0.3978079855442047,0.34842199087142944,0.34843701124191284,5280516863,0.0,0.0,0.01784810387903827
2025-01-08 00:00:00+00:00,0.34843599796295166,0.3551110029220581,0.32681000232696533,0.34224799275398254,4416730765,0.0,0.0,0.024086828377513206
2025-01-09 00:00:00+00:00,0.34224700927734375,0.34628599882125854,0.3151029944419861,0.3209120035171509,3614560190,0.0,0.0,0.028299428579584163
2025-01-10 00:00:00+00:00,0.3209089934825897,0.33853399753570557,0.32089099287986755,0.3339810073375702,3222794655,0.0,0.0,0.02525753090404259
2025-01-11 00:00:00+00:00,0.3339790105819702,0.3478110134601593,0.3300749957561493,0.34095498919487,1461005907,0.0,0.0,0.010505433366504927
2025-01-12 00:00:00+00:00,0.34095001220703125,0.3429889976978302,0.3322780132293701,0.33595898747444153,1436724129,0.0,0.0,0.008488909393155242
2025-01-13 00:00:00+00:00,0.33595600724220276,0.34521400928497314,0.31139901280403137,0.3382990062236786,3713750868,0.0,0.0,0.007777929140497228
2025-01-14 00:00:00+00:00,0.3382970094680786,0.3610909879207611,0.33605799078941345,0.3561199903488159,3143614167,0.0,0.0,0.008811496042355985
2025-01-15 00:00:00+00:00,0.3561199903488159,0.3873539865016937,0.3487440049648285,0.3857100009918213,4079184871,0.0,0.0,0.02072808037455279
2025-01-16 00:00:00+00:00,0.38571301102638245,0.3893490135669708,0.368461012840271,0.3767479956150055,4097841421,0.0,0.0,0.022333790332746455
2025-01-17 00:00:00+00:00,0.37670600414276123,0.4205009937286377,0.3759729862213135,0.41593900322914124,6276540245,0.0,0.0,0.02956444371864342
2025-01-18 00:00:00+00:00,0.4159129858016968,0.43351200222969055,0.387239009141922,0.39608100056648254,7331618418,0.0,0.0,0.022228346933070492
2025-01-19 00:00:00+00:00,0.3960849940776825,0.40896499156951904,0.3521200120449066,0.35775700211524963,9531626101,0.0,0.0,0.021681340212310624
2025-01-20 00:00:00+00:00,0.35773900151252747,0.3849729895591736,0.34724700450897217,0.3546079993247986,8850825869,0.0,0.0,0.025980925598640438
2025-01-21 00:00:00+00:00,0.35457301139831543,0.4001699984073639,0.3358989953994751,0.3715769946575165,9507969594,0.0,0.0,0.026255480930373602
2025-01-22 00:00:00+00:00,0.37158799171447754,0.37334200739860535,0.355989009141922,0.3630560040473938,2940097446,0.0,0.0,0.016644437646323878
2025-01-23 00:00:00+00:00,0.3629800081253052,0.36408698558807373,0.34299299120903015,0.3523530066013336,3093003294,0.0,0.0,0.007678915066934654
2025-01-24 00:00:00+00:00,0.35230201482772827,0.3638930022716522,0.34328800439834595,0.350739985704422,2122786422,0.0,0.0,0.008730842875653816
2025-01-25 00:00:00+00:00,0.35074499249458313,0.35958799719810486,0.34595999121665955,0.3537760078907013,1500843148,0.0,0.0,0.008830136070207774
2025-01-26 00:00:00+00:00,0.3537850081920624,0.3570230007171631,0.3363009989261627,0.336326003074646,1263299832,0.0,0.0,0.009617235434368218
2025-01-27 00:00:00+00:00,0.33632299304008484,0.33674100041389465,0.3078100085258484,0.33382201194763184,4453314117,0.0,0.0,0.00953158467865234
2025-01-28 00:00:00+00:00,0.3338179886341095,0.3386459946632385,0.31583499908447266,0.31907400488853455,2019292120,0.0,0.0,0.014025389946034162
2025-01-29 00:00:00+00:00,0.31907400488853455,0.33350899815559387,0.31794100999832153,0.32386401295661926,1981300959,0.0,0.0,0.013417215284043365
2025-01-30 00:00:00+00:00,0.323870986700058,0.33808401226997375,0.32287099957466125,0.331508994102478,1365524939,0.0,0.0,0.0072126297719811916
2025-01-31 00:00:00+00:00,0.33150699734687805,0.3406769931316376,0.3243130147457123,0.32872799038887024,1796042122,0.0,0.0,0.005952206012203607
2025-02-01 00:00:00+00:00,0.32872700691223145,0.33189401030540466,0.30426400899887085,0.30835700035095215,1577548524,0.0,0.0,0.009129414660665454
2025-02-02 00:00:00+00:00,0.3083769977092743,0.3145889937877655,0.25455498695373535,0.26750901341438293,5607210222,0.0,0.0,0.026428679653588395
2025-02-03 00:00:00+00:00,0.26750999689102173,0.2924639880657196,0.21172000467777252,0.28500398993492126,11007373557,0.0,0.0,0.027746157991122865
2025-02-04 00:00:00+00:00,0.2850160002708435,0.2884669899940491,0.2562919855117798,0.26414400339126587,4306969827,0.0,0.0,0.027538034367090666
2025-02-05 00:00:00+00:00,0.2641279995441437,0.2690280079841614,0.2543720006942749,0.25623300671577454,1818131454,0.0,0.0,0.020803436194861014
2025-02-06 00:00:00+00:00,0.25623300671577454,0.2656950056552887,0.2439420074224472,0.24808399379253387,1892595490,0.0,0.0,0.0138469961142698
2025-02-07 00:00:00+00:00,0.24807900190353394,0.26121699810028076,0.23954400420188904,0.24661299586296082,2042225149,0.0,0.0,0.015634612102629477
2025-02-08 00:00:00+00:00,0.24661299586296082,0.25394999980926514,0.24499200284481049,0.25326600670814514,989182891,0.0,0.0,0.007025697719997672
2025-02-09 00:00:00+00:00,0.25326499342918396,0.25983598828315735,0.24030600488185883,0.24929000437259674,1242077795,0.0,0.0,0.00396023021893097
2025-02-10 00:00:00+00:00,0.24928900599479675,0.2559249997138977,0.24206100404262543,0.25525999069213867,1342589439,0.0,0.0,0.0036303666246506406
2025-02-11 00:00:00+00:00,0.255264014005661,0.26923298835754395,0.24903100728988647,0.2531220018863678,1721245015,0.0,0.0,0.0034876055444918734
2025-02-12 00:00:00+00:00,0.2531229853630066,0.2670300006866455,0.24889099597930908,0.26412200927734375,1949247514,0.0,0.0,0.005532078899956907
2025-02-13 00:00:00+00:00,0.26412999629974365,0.26691800355911255,0.25404998660087585,0.26249200105667114,1492303517,0.0,0.0,0.006290740595689367
2025-02-14 00:00:00+00:00,0.26249098777770996,0.28529301285743713,0.26120999455451965,0.271928995847702,2320487584,0.0,0.0,0.007511414587269283
2025-02-15 00:00:00+00:00,0.2719320058822632,0.2826789915561676,0.2689409852027893,0.27172398567199707,1624562147,0.0,0.0,0.007759698192214858
2025-02-16 00:00:00+00:00,0.27172601222991943,0.27381598949432373,0.26423799991607666,0.2657400071620941,969472255,0.0,0.0,0.004376091244382647
2025-02-17 00:00:00+00:00,0.2657580077648163,0.2684989869594574,0.25448399782180786,0.2581480145454407,1369340298,0.0,0.0,0.005957015072994004
2025-02-18 00:00:00+00:00,0.2581480145454407,0.25939399003982544,0.24260300397872925,0.2509010136127472,1601424562,0.0,0.0,0.009095332189736873
2025-02-19 00:00:00+00:00,0.25090301036834717,0.25522300601005554,0.2492779940366745,0.2547680139541626,1007520306,0.0,0.0,0.00842119934353813
2025-02-20 00:00:00+00:00,0.2547670006752014,0.25745999813079834,0.2505120038986206,0.2548600137233734,1119395680,0.0,0.0,0.005576662025915483
2025-02-21 00:00:00+00:00,0.25485798716545105,0.26093098521232605,0.2349189966917038,0.23930799961090088,2024664109,0.0,0.0,0.007333524174039608
2025-02-22 00:00:00+00:00,0.239314004778862,0.24766500294208527,0.23834000527858734,0.2467229962348938,932077730,0.0,0.0,0.0065164498211219835
2025-02-23 00:00:00+00:00,0.2467239946126938,0.24743500351905823,0.24065500497817993,0.24302299320697784,707579811,0.0,0.0,0.006972635642043012
2025-02-24 00:00:00+00:00,0.24302199482917786,0.24382799863815308,0.20832200348377228,0.21035900712013245,2239353273,0.0,0.0,0.016938600993558494
2025-02-25 00:00:00+00:00,0.21037299931049347,0.21392099559307098,0.1967640072107315,0.2123890072107315,3432761745,0.0,0.0,0.017543959337828666
2025-02-26 00:00:00+00:00,0.21126799285411835,0.21350200474262238,0.19636400043964386,0.2055409997701645,2020402428,0.0,0.0,0.019615447458664757
2025-02-27 00:00:00+00:00,0.2028529942035675,0.21123899519443512,0.20125499367713928,0.20682400465011597,1369944972,0.0,0.0,0.01555632441841563
2025-02-28 00:00:00+00:00,0.20682300627231598,0.20685899257659912,0.18187600374221802,0.20196300745010376,2620914147,0.0,0.0,0.004092471764542647
2025-03-01 00:00:00+00:00,0.20196300745010376,0.20869700610637665,0.19946299493312836,0.20653699338436127,1197948866,0.0,0.0,0.0037475668550024516
2025-03-02 00:00:00+00:00,0.20653699338436127,0.24166999757289886,0.2019049972295761,0.2392670065164566,3319886568,0.0,0.0,0.015350744538190669
2025-03-03 00:00:00+00:00,0.2392590045928955,0.23965300619602203,0.19428199529647827,0.19907599687576294,2824331185,0.0,0.0,0.016277858692113643
2025-03-04 00:00:00+00:00,0.19908200204372406,0.20162899792194366,0.1837339997291565,0.19914600253105164,2366639397,0.0,0.0,0.01708119453125089
2025-03-05 00:00:00+00:00,0.19914300739765167,0.20595699548721313,0.19658300280570984,0.20472000539302826,1433656840,0.0,0.0,0.016831941604996497
2025-03-06 00:00:00+00:00,0.20471900701522827,0.2192309945821762,0.19956600666046143,0.2017270028591156,1799078197,0.0,0.0,0.017194964493094857
2025-03-07 00:00:00+00:00,0.2017270028591156,0.20833100378513336,0.19154700636863708,0.19797299802303314,1829178903,0.0,0.0,0.0027183074442597923
2025-03-08 00:00:00+00:00,0.19797299802303314,0.20066900551319122,0.19150599837303162,0.19217200577259064,949946399,0.0,0.0,0.004683578443762074
2025-03-09 00:00:00+00:00,0.19217100739479065,0.19399699568748474,0.16628700494766235,0.16780300438404083,1797791194,0.0,0.0,0.014779637818130463
2025-03-10 00:00:00+00:00,0.16780300438404083,0.18028299510478973,0.15136399865150452,0.1540600061416626,2202314258,0.0,0.0,0.02077961067814343
2025-03-11 00:00:00+00:00,0.15405799448490143,0.1683170050382614,0.14534999430179596,0.16416600346565247,2372945325,0.0,0.0,0.01890777833628889
2025-03-12 00:00:00+00:00,0.1641550064086914,0.1725129932165146,0.1597909927368164,0.17238099873065948,1618464957,0.0,0.0,0.01405475858324095
2025-03-13 00:00:00+00:00,0.17238099873065948,0.17271099984645844,0.16209499537944794,0.1650650054216385,1437934838,0.0,0.0,0.0067500759894078225
2025-03-14 00:00:00+00:00,0.1650650054216385,0.17570200562477112,0.16492700576782227,0.17179900407791138,1042050428,0.0,0.0,0.007413967467344788
2025-03-15 00:00:00+00:00,0.17176499962806702,0.17761200666427612,0.17156100273132324,0.1760679930448532,731309597,0.0,0.0,0.005100527180089565
2025-03-16 00:00:00+00:00,0.17606699466705322,0.17669899761676788,0.16622699797153473,0.16823500394821167,935490545,0.0,0.0,0.00420350522060287
2025-03-17 00:00:00+00:00,0.1682330071926117,0.1759919971227646,0.1681929975748062,0.17346499860286713,1002401452,0.0,0.0,0.0043370917356269295
2025-03-18 00:00:00+00:00,0.17347200214862823,0.17347200214862823,0.16323700547218323,0.16802899539470673,1046683878,0.0,0.0,0.003446861347052922
2025-03-19 00:00:00+00:00,0.16802899539470673,0.17851699888706207,0.16700400412082672,0.1780650019645691,1238919491,0.0,0.0,0.0045398268710831
2025-03-20 00:00:00+00:00,0.17806999385356903,0.17900599539279938,0.16704200208187103,0.1693509966135025,959535286,0.0,0.0,0.0043087571454478385
2025-03-21 00:00:00+00:00,0.1693509966135025,0.1714009940624237,0.16495899856090546,0.16706199944019318,743835419,0.0,0.0,0.004551248348478854
2025-03-22 00:00:00+00:00,0.1670680046081543,0.1695459932088852,0.1668040007352829,0.16734300553798676,438263314,0.0,0.0,0.004610783231619364
2025-03-23 00:00:00+00:00,0.16734200716018677,0.17225299775600433,0.16718000173568726,0.17225299775600433,564898047,0.0,0.0,0.004552840610401729
2025-03-24 00:00:00+00:00,0.1722469925880432,0.18894599378108978,0.17087900638580322,0.18288899958133698,1472602266,0.0,0.0,0.006547520606389201
2025-03-25 00:00:00+00:00,0.18288999795913696,0.19335000216960907,0.18128299713134766,0.1909099966287613,1549790934,0.0,0.0,0.010471341581111564
2025-03-26 00:00:00+00:00,0.19090799987316132,0.20537899434566498,0.18985199928283691,0.19479799270629883,2068603477,0.0,0.0,0.011759522327291128
2025-03-27 00:00:00+00:00,0.19479799270629883,0.2003840059041977,0.18831199407577515,0.19049499928951263,1282332601,0.0,0.0,0.008944472567192673
2025-03-28 00:00:00+00:00,0.19049499928951263,0.19258099794387817,0.17748400568962097,0.18018999695777893,1407200953,0.0,0.0,0.006081142376375658
2025-03-29 00:00:00+00:00,0.18019099533557892,0.18220700323581696,0.16658300161361694,0.16956500709056854,1120659030,0.0,0.0,0.010275156006169713
2025-03-30 00:00:00+00:00,0.16957099735736847,0.1722099930047989,0.16497400403022766,0.16631899774074554,831596449,0.0,0.0,0.012498468531209408
2025-03-31 00:00:00+00:00,0.16631899774074554,0.16821199655532837,0.16049200296401978,0.16671499609947205,1321114553,0.0,0.0,0.010487878432377286
2025-04-01 00:00:00+00:00,0.16671599447727203,0.1751450002193451,0.16621500253677368,0.17408600449562073,1149373221,0.0,0.0,0.005822554986250497
2025-04-02 00:00:00+00:00,0.17408600449562073,0.17869800329208374,0.1624089926481247,0.1641950011253357,1734215164,0.0,0.0,0.003817356273136305
2025-04-03 00:00:00+00:00,0.1641950011253357,0.1672399938106537,0.15573500096797943,0.1620599925518036,1201472795,0.0,0.0,0.00454147589159932
2025-04-04 00:00:00+00:00,0.1620589941740036,0.17257900536060333,0.16042999923229218,0.171097993850708,1645454216,0.0,0.0,0.00493377149336312
2025-04-05 00:00:00+00:00,0.171097993850708,0.17141300439834595,0.16637800633907318,0.16902700066566467,607481980,0.0,0.0,0.004934825783920292
2025-04-06 00:00:00+00:00,0.16902700066566467,0.16976900398731232,0.14645199477672577,0.14884500205516815,1267445532,0.0,0.0,0.008725934417270743
2025-04-07 00:00:00+00:00,0.14884500205516815,0.1526000052690506,0.1315069943666458,0.14952099323272705,3512035481,0.0,0.0,0.010524716427393253
2025-04-08 00:00:00+00:00,0.14951999485492706,0.15672700107097626,0.14151400327682495,0.14210699498653412,1829881699,0.0,0.0,0.01307447666335392
2025-04-09 00:00:00+00:00,0.1421090066432953,0.16402600705623627,0.13672000169754028,0.16037100553512573,2265462273,0.0,0.0,0.0106592237737491
2025-04-10 00:00:00+00:00,0.16037100553512573,0.16037699580192566,0.14941899478435516,0.15366600453853607,1231567926,0.0,0.0,0.006722951738940226
2025-04-11 00:00:00+00:00,0.15366800129413605,0.16213999688625336,0.15336300432682037,0.16008900105953217,864574135,0.0,0.0,0.007675880470207931
2025-04-12 00:00:00+00:00,0.16008900105953217,0.16933399438858032,0.15787699818611145,0.1676110029220581,867802910,0.0,0.0,0.009567508164677132
2025-04-13 00:00:00+00:00,0.1676110029220581,0.1684889942407608,0.16132000088691711,0.16279199719429016,874509965,0.0,0.0,0.005046912175636326
2025-04-14 00:00:00+00:00,0.16279199719429016,0.16864100098609924,0.15768900513648987,0.15850099921226501,988651639,0.0,0.0,0.005164372552124645
2025-04-15 00:00:00+00:00,0.158502995967865,0.16106100380420685,0.15325799584388733,0.15354999899864197,777400544,0.0,0.0,0.005203044351723584
2025-04-16 00:00:00+00:00,0.153547003865242,0.1570030003786087,0.15094399452209473,0.1546880006790161,823568608,0.0,0.0,0.005834291579569787
2025-04-17 00:00:00+00:00,0.15469099581241608,0.15935100615024567,0.15318100154399872,0.15573999285697937,586169227,0.0,0.0,0.0036953013714277213
2025-04-18 00:00:00+00:00,0.15574100613594055,0.15876999497413635,0.15377399325370789,0.1576160043478012,477534244,0.0,0.0,0.0020405950786230613
2025-04-19 00:00:00+00:00,0.15761800110340118,0.16055600345134735,0.15652300417423248,0.15733300149440765,477710096,0.0,0.0,0.0017284058680536527
2025-04-20 00:00:00+00:00,0.15733300149440765,0.15928299725055695,0.15274499356746674,0.15518400073051453,637644889,0.0,0.0,0.0013019427360963574
2025-04-21 00:00:00+00:00,0.15518400073051453,0.16293400526046753,0.1551399976015091,0.15938800573349,1038358279,0.0,0.0,0.0016631874024868234
2025-04-22 00:00:00+00:00,0.15938700735569,0.17937099933624268,0.15795400738716125,0.1786479949951172,1568128902,0.0,0.0,0.009627640982147962
2025-04-23 00:00:00+00:00,0.17865200340747833,0.1850219964981079,0.17565800249576569,0.17860500514507294,1860794550,0.0,0.0,0.011774307978658813
2025-04-24 00:00:00+00:00,0.17860500514507294,0.18314500153064728,0.17026099562644958,0.18245700001716614,1479272164,0.0,0.0,0.012574497215940115
2025-04-25 00:00:00+00:00,0.1824599951505661,0.18603500723838806,0.17812000215053558,0.1818300038576126,1731253893,0.0,0.0,0.009555964584925481
2025-04-26 00:00:00+00:00,0.18183200061321259,0.19244299829006195,0.18041099607944489,0.18188999593257904,1467785872,0.0,0.0,0.001895969150518041
2025-04-27 00:00:00+00:00,0.18189099431037903,0.18314500153064728,0.17700299620628357,0.1796720027923584,1113159755,0.0,0.0,0.0016616109384994708
2025-04-28 00:00:00+00:00,0.1796730011701584,0.18267199397087097,0.17437300086021423,0.17895199358463287,1345897366,0.0,0.0,0.0015454638923995882
2025-04-29 00:00:00+00:00,0.17895199358463287,0.1805409938097,0.17279499769210815,0.17463600635528564,966758883,0.0,0.0,0.002961218044428374
2025-04-30 00:00:00+00:00,0.1746399998664856,0.17634999752044678,0.1672690063714981,0.1723400056362152,970750123,0.0,0.0,0.003902753106345127
2025-05-01 00:00:00+00:00,0.1723410040140152,0.1832900047302246,0.1722940057516098,0.180758997797966,1018176528,0.0,0.0,0.003606056578611745
2025-05-02 00:00:00+00:00,0.1807660013437271,0.1840820014476776,0.17944000661373138,0.18157699704170227,1008214455,0.0,0.0,0.004001953241830779
2025-05-03 00:00:00+00:00,0.18157699704170227,0.18205299973487854,0.17550800740718842,0.1757570058107376,577738365,0.0,0.0,0.003997720031255761
2025-05-04 00:00:00+00:00,0.1757570058107376,0.177264004945755,0.17017099261283875,0.17055200040340424,626186290,0.0,0.0,0.0049166099329666126
2025-05-05 00:00:00+00:00,0.17055200040340424,0.1745380014181137,0.16866600513458252,0.17060400545597076,689655044,0.0,0.0,0.005303175008884993
2025-05-06 00:00:00+00:00,0.17060400545597076,0.17240199446678162,0.16439799964427948,0.1721159964799881,831221260,0.0,0.0,0.004674276803823581
2025-05-07 00:00:00+00:00,0.1721149981021881,0.17406299710273743,0.16948099434375763,0.1720069944858551,677248571,0.0,0.0,0.002118928979135448
2025-05-08 00:00:00+00:00,0.17201000452041626,0.19793899357318878,0.17189300060272217,0.19757699966430664,1943565536,0.0,0.0,0.011766080532902758
2025-05-09 00:00:00+00:00,0.1975809931755066,0.21263499557971954,0.193339005112648,0.20529000461101532,2387581238,0.0,0.0,0.016590327305708804
2025-05-10 00:00:00+00:00,0.20529499650001526,0.24910999834537506,0.20361000299453735,0.24868899583816528,3238796872,0.0,0.0,0.03147167449287015
2025-05-11 00:00:00+00:00,0.24868200719356537,0.25873899459838867,0.223580002784729,0.23150800168514252,3518175098,0.0,0.0,0.029892611949664732
2025-05-12 00:00:00+00:00,0.2315090000629425,0.25154098868370056,0.22218500077724457,0.23100200295448303,4628696012,0.0,0.0,0.02095316840273508
2025-05-13 00:00:00+00:00,0.23100200295448303,0.24289900064468384,0.21802300214767456,0.24121500551700592,2734212256,0.0,0.0,0.01640919337924151
2025-05-14 00:00:00+00:00,0.24121500551700592,0.2467689961194992,0.22874200344085693,0.23280799388885498,2249826077,0.0,0.0,0.007715244126203606
2025-05-15 00:00:00+00:00,0.232806995511055,0.23643699288368225,0.21492299437522888,0.21918900310993195,2477683429,0.0,0.0,0.007862388918281126
2025-05-16 00:00:00+00:00,0.21919399499893188,0.23029600083827972,0.2183160036802292,0.22128699719905853,1759584218,0.0,0.0,0.008991816620087472
2025-05-17 00:00:00+00:00,0.22128699719905853,0.22204500436782837,0.21148799359798431,0.21469800174236298,1499656753,0.0,0.0,0.010886384282615347
2025-05-18 00:00:00+00:00,0.21469800174236298,0.23715700209140778,0.2143779993057251,0.2341810017824173,2360198976,0.0,0.0,0.008621645560293597
2025-05-19 00:00:00+00:00,0.23396100103855133,0.2351430058479309,0.21454499661922455,0.22442099452018738,2122215648,0.0,0.0,0.007299240392685954
2025-05-20 00:00:00+00:00,0.22442099452018738,0.23032699525356293,0.21804599463939667,0.22612600028514862,1815889701,0.0,0.0,0.007108723411241679
2025-05-21 00:00:00+00:00,0.2261269986629486,0.2375829964876175,0.2232930064201355,0.23405799269676208,2813244924,0.0,0.0,0.008057243585164266
2025-05-22 00:00:00+00:00,0.23406800627708435,0.24543899297714233,0.2340639978647232,0.24502800405025482,2739121621,0.0,0.0,0.008181639198990988
2025-05-23 00:00:00+00:00,0.24502800405025482,0.25361698865890503,0.22377799451351166,0.22481399774551392,3466192197,0.0,0.0,0.00882299358234449
2025-05-24 00:00:00+00:00,0.22481399774551392,0.23036199808120728,0.2240539938211441,0.2252970039844513,1223553027,0.0,0.0,0.008669804092273302
2025-05-25 00:00:00+00:00,0.2252970039844513,0.22627100348472595,0.21623100340366364,0.22498400509357452,1528958070,0.0,0.0,0.008845691721074456
2025-05-26 00:00:00+00:00,0.22498300671577454,0.2302750051021576,0.22301000356674194,0.22602500021457672,1172026172,0.0,0.0,0.008843740174844303
2025-05-27 00:00:00+00:00,0.22603000700473785,0.2320069968700409,0.2201099991798401,0.22616399824619293,1406054690,0.0,0.0,0.0006093532168950364
2025-05-28 00:00:00+00:00,0.22616100311279297,0.2276570051908493,0.21721599996089935,0.22078199684619904,1203668237,0.0,0.0,0.002217793804228494
2025-05-29 00:00:00+00:00,0.22078199684619904,0.22783400118350983,0.21458299458026886,0.21483300626277924,1561923823,0.0,0.0,0.004840932998947824
2025-05-30 00:00:00+00:00,0.2148369997739792,0.21629999577999115,0.1921350061893463,0.19343599677085876,2466944860,0.0,0.0,0.013572615632390142
2025-05-31 00:00:00+00:00,0.19344200193881989,0.1953520029783249,0.1860630065202713,0.1925790011882782,1529424800,0.0,0.0,0.01563464390063298
2025-06-01 00:00:00+00:00,0.1925780028104782,0.19478000700473785,0.18726800382137299,0.19363200664520264,939280532,0.0,0.0,0.013638478589466093
2025-06-02 00:00:00+00:00,0.19363200664520264,0.1960649937391281,0.18887199461460114,0.1953900009393692,1007324701,0.0,0.0,0.009479656310924817
2025-06-03 00:00:00+00:00,0.19539600610733032,0.2002509981393814,0.1921900063753128,0.1931380033493042,1062603805,0.0,0.0,0.0010585105932060046
2025-06-04 00:00:00+00:00,0.1931390017271042,0.19690999388694763,0.18742699921131134,0.18823599815368652,779255975,0.0,0.0,0.0026544028861849767
2025-06-05 00:00:00+00:00,0.1882369965314865,0.1923760026693344,0.16923299431800842,0.17162799835205078,1718819551,0.0,0.0,0.009746916217691916
2025-06-06 00:00:00+00:00,0.1716269999742508,0.1842530071735382,0.17018400132656097,0.1789730042219162,1247591143,0.0,0.0,0.00998332808386552
2025-06-07 00:00:00+00:00,0.17896999418735504,0.18857300281524658,0.1780339926481247,0.18516799807548523,836264651,0.0,0.0,0.00835936045795091
2025-06-08 00:00:00+00:00,0.18516799807548523,0.18675099313259125,0.18122300505638123,0.18417300283908844,689923176,0.0,0.0,0.006513889240311876
2025-06-09 00:00:00+00:00,0.18417300283908844,0.19542500376701355,0.18045400083065033,0.1949329972267151,1177667689,0.0,0.0,0.00857333898842858
2025-06-10 00:00:00+00:00,0.1949329972267151,0.19830000400543213,0.18988700211048126,0.19828200340270996,1400212022,0.0,0.0,0.008022955623399728
2025-06-11 00:00:00+00:00,0.19828200340270996,0.20433199405670166,0.19159400463104248,0.19301100075244904,1630500550,0.0,0.0,0.006186598482417166
2025-06-12 00:00:00+00:00,0.19301100075244904,0.1936189979314804,0.18053199350833893,0.18154799938201904,1254786513,0.0,0.0,0.00718721457322216
2025-06-13 00:00:00+00:00,0.18154799938201904,0.18154799938201904,0.17079199850559235,0.18038000166416168,1883491191,0.0,0.0,0.008143882804800294
2025-06-14 00:00:00+00:00,0.18038199841976166,0.18044200539588928,0.17497800290584564,0.1784670054912567,777784368,0.0,0.0,0.008769015910885393
2025-06-15 00:00:00+00:00,0.1784670054912567,0.17857599258422852,0.1717579960823059,0.17566899955272675,760010233,0.0,0.0,0.006641975066408207
2025-06-16 00:00:00+00:00,0.17566899955272675,0.1810149997472763,0.1726980060338974,0.1726980060338974,1204577500,0.0,0.0,0.003595447884849332
2025-06-17 00:00:00+00:00,0.17269699275493622,0.17589500546455383,0.1643030047416687,0.16966800391674042,1273076742,0.0,0.0,0.004313730012860685
2025-06-18 00:00:00+00:00,0.16966800391674042,0.1720609962940216,0.16437900066375732,0.170632004737854,970407002,0.0,0.0,0.003636677722390905
2025-06-19 00:00:00+00:00,0.170633003115654,0.17184700071811676,0.16793599724769592,0.17096300423145294,542107459,0.0,0.0,0.0023614809902227545
2025-06-20 00:00:00+00:00,0.17096099257469177,0.17188100516796112,0.1588670015335083,0.16247500479221344,1099193747,0.0,0.0,0.003962367744728764
2025-06-21 00:00:00+00:00,0.16247500479221344,0.16423299908638,0.15177999436855316,0.1541689932346344,813191920,0.0,0.0,0.007264009279651386
2025-06-22 00:00:00+00:00,0.15419700741767883,0.15724900364875793,0.14377400279045105,0.15132200717926025,1841758169,0.0,0.0,0.0090881548750027
2025-06-23 00:00:00+00:00,0.15132099390029907,0.16499100625514984,0.14915800094604492,0.16436299681663513,1346692450,0.0,0.0,0.00794496050936258
2025-06-24 00:00:00+00:00,0.16436299681663513,0.16742700338363647,0.1620270013809204,0.16573099792003632,1072291444,0.0,0.0,0.006452929690323993
2025-06-25 00:00:00+00:00,0.16573399305343628,0.16736499965190887,0.16299200057983398,0.16457800567150116,839304495,0.0,0.0,0.006747983027369753
2025-06-26 00:00:00+00:00,0.16457800567150116,0.16790400445461273,0.1583700031042099,0.1599860042333603,916611999,0.0,0.0,0.005937041799428803
2025-06-27 00:00:00+00:00,0.1599860042333603,0.16259700059890747,0.15746499598026276,0.16106800734996796,638328531,0.0,0.0,0.002475760451832613
2025-06-28 00:00:00+00:00,0.16106900572776794,0.16489799320697784,0.160631000995636,0.16369199752807617,400589442,0.0,0.0,0.0024105742531087553
2025-06-29 00:00:00+00:00,0.16369199752807617,0.16977599263191223,0.1627119928598404,0.16960200667381287,543918306,0.0,0.0,0.0037513161618492152
2025-06-30 00:00:00+00:00,0.16960200667381287,0.1697939932346344,0.16262699663639069,0.16513599455356598,838074434,0.0,0.0,0.0037889088722954894
2025-07-01 00:00:00+00:00,0.16513599455356598,0.1661520004272461,0.15706300735473633,0.15775099396705627,687516950,0.0,0.0,0.004441308509360058
2025-07-02 00:00:00+00:00,0.15775099396705627,0.17243899405002594,0.15703600645065308,0.16872000694274902,1151068316,0.0,0.0,0.004724733069642155
2025-07-03 00:00:00+00:00,0.16871699690818787,0.1751910001039505,0.1677580028772354,0.17203399538993835,1280276705,0.0,0.0,0.005555879533508222
2025-07-04 00:00:00+00:00,0.17203299701213837,0.17266100645065308,0.16158199310302734,0.16287100315093994,1005469062,0.0,0.0,0.0054762562073364445
2025-07-05 00:00:00+00:00,0.16287200152873993,0.1649550050497055,0.1623850017786026,0.1642719954252243,444944070,0.0,0.0,0.005496414059134266
2025-07-06 00:00:00+00:00,0.1642719954252243,0.17471100389957428,0.1632709950208664,0.17198599874973297,1092475819,0.0,0.0,0.0042685361603179
2025-07-07 00:00:00+00:00,0.17198599874973297,0.1767289936542511,0.1659040004014969,0.16796599328517914,1238654782,0.0,0.0,0.004248980907391344
2025-07-08 00:00:00+00:00,0.16796700656414032,0.17177699506282806,0.16613100469112396,0.1709890067577362,852173993,0.0,0.0,0.004009174399361909
2025-07-09 00:00:00+00:00,0.1709890067577362,0.18478600680828094,0.17010299861431122,0.18075500428676605,1657071962,0.0,0.0,0.006132215364439325
